Country,ISO2,ISO3,Indicator,Series,Variable,Model,Scenarios,Unit,Source,CTS Code,CTS Name,CTS Full Descriptor,2020,2025,2030,2035,2040,2045,2050
Nepal,NP,NPL,Transition Pathways,Surface temperature,50th percentile,GCAM,Below 2°C,Degree Celsius,,,,,22.1893,22.48471,22.72861,22.97415,23.15319,23.25226,23.38243
Nepal,NP,NPL,Transition Pathways,Surface temperature,50th percentile,GCAM,Current Policies (Hot house world scenario),Degree Celsius,,,,,22.26192,22.56691,22.77758,22.98598,23.18003,23.339,23.54027
Nepal,NP,NPL,Transition Pathways,Surface temperature,50th percentile,GCAM,Delayed Transition (Disorderly scenario),Degree Celsius,,,,,22.18812,22.46367,22.69602,22.99966,23.2316,23.36474,23.49415
Nepal,NP,NPL,Transition Pathways,Surface temperature,50th percentile,GCAM,Fragmented World,Degree Celsius,,,,,22.18704,22.47447,22.67583,22.90158,23.0905,23.24141,23.39827
Nepal,NP,NPL,Transition Pathways,Surface temperature,50th percentile,GCAM,Low Demand,Degree Celsius,,,,,22.18782,22.45583,22.69182,22.92288,23.07689,23.14337,23.15961
Nepal,NP,NPL,Transition Pathways,Surface temperature,50th percentile,GCAM,Nationally Determined Contributions (NDCs),Degree Celsius,,,,,22.18754,22.48052,22.68384,22.90704,23.10316,23.25921,23.4465
Nepal,NP,NPL,Transition Pathways,Surface temperature,50th percentile,GCAM,Net Zero 2050 (Orderly scenario),Degree Celsius,,,,,22.18966,22.4922,22.73848,22.96283,23.09064,23.12879,23.12817
Nepal,NP,NPL,Transition Pathways,Surface temperature,50th percentile,MESSAGEix-GLOBIOM,Below 2°C,Degree Celsius,,,,,22.16504,22.46819,22.74386,22.98119,23.14204,23.23701,23.35607
Nepal,NP,NPL,Transition Pathways,Surface temperature,50th percentile,MESSAGEix-GLOBIOM,Current Policies (Hot house world scenario),Degree Celsius,,,,,22.16363,22.47341,22.67112,22.89469,23.09672,23.24827,23.42514
Nepal,NP,NPL,Transition Pathways,Surface temperature,50th percentile,MESSAGEix-GLOBIOM,Delayed Transition (Disorderly scenario),Degree Celsius,,,,,22.1648,22.46269,22.69091,23.00744,23.22132,23.33223,23.47015
Nepal,NP,NPL,Transition Pathways,Surface temperature,50th percentile,MESSAGEix-GLOBIOM,Fragmented World,Degree Celsius,,,,,22.16382,22.47239,22.67179,22.93126,23.12868,23.22616,23.34555
Nepal,NP,NPL,Transition Pathways,Surface temperature,50th percentile,MESSAGEix-GLOBIOM,Low Demand,Degree Celsius,,,,,22.16506,22.47016,22.79067,22.98274,23.05591,23.06259,23.09808
Nepal,NP,NPL,Transition Pathways,Surface temperature,50th percentile,MESSAGEix-GLOBIOM,Nationally Determined Contributions (NDCs),Degree Celsius,,,,,22.16407,22.4756,22.67295,22.89492,23.07282,23.18767,23.32048
Nepal,NP,NPL,Transition Pathways,Surface temperature,50th percentile,MESSAGEix-GLOBIOM,Net Zero 2050 (Orderly scenario),Degree Celsius,,,,,22.16506,22.46935,22.76285,22.93987,23.01479,23.02072,23.04771
Nepal,NP,NPL,Transition Pathways,Surface temperature,50th percentile,REMIND-MAgPIE,Below 2°C,Degree Celsius,,,,,22.16216514,22.4620327,22.68593269,22.92729847,23.06861193,23.13950812,23.22264211
Nepal,NP,NPL,Transition Pathways,Surface temperature,50th percentile,REMIND-MAgPIE,Current Policies (Hot house world scenario),Degree Celsius,,,,,22.16216514,22.46668108,22.65262405,22.87850545,23.07387489,23.23549802,23.43356512
Nepal,NP,NPL,Transition Pathways,Surface temperature,50th percentile,REMIND-MAgPIE,Delayed Transition (Disorderly scenario),Degree Celsius,,,,,22.16216514,22.46668108,22.65262405,22.94141782,23.15172983,23.24104469,23.29870395
Nepal,NP,NPL,Transition Pathways,Surface temperature,50th percentile,REMIND-MAgPIE,Fragmented World,Degree Celsius,,,,,22.16216514,22.46668108,22.65262405,22.87421289,23.06343556,23.1862301,23.30941027
Nepal,NP,NPL,Transition Pathways,Surface temperature,50th percentile,REMIND-MAgPIE,Low Demand,Degree Celsius,,,,,22.16216514,22.4736355,22.69304767,22.84175906,22.84971017,22.78010043,22.73327228
Nepal,NP,NPL,Transition Pathways,Surface temperature,50th percentile,REMIND-MAgPIE,Nationally Determined Contributions (NDCs),Degree Celsius,,,,,22.16216514,22.46603998,22.6528441,22.87081853,23.01538182,23.10468593,23.20584368
Nepal,NP,NPL,Transition Pathways,Surface temperature,50th percentile,REMIND-MAgPIE,Net Zero 2050 (Orderly scenario),Degree Celsius,,,,,22.16216514,22.46657154,22.6861959,22.86494428,22.9068891,22.88812502,22.91212771
Nepal,NP,NPL,Transition Pathways,Surface temperature,5th percentile,GCAM,Below 2°C,Degree Celsius,,,,,22.01532,22.20685,22.38524,22.5428,22.64337,22.70345,22.78569
Nepal,NP,NPL,Transition Pathways,Surface temperature,5th percentile,GCAM,Current Policies (Hot house world scenario),Degree Celsius,,,,,22.01478,22.20169,22.36704,22.56168,22.74959,22.91079,23.14163
Nepal,NP,NPL,Transition Pathways,Surface temperature,5th percentile,GCAM,Delayed Transition (Disorderly scenario),Degree Celsius,,,,,22.01485,22.19801,22.37086,22.58144,22.71841,22.79688,22.8795
Nepal,NP,NPL,Transition Pathways,Surface temperature,5th percentile,GCAM,Fragmented World,Degree Celsius,,,,,22.01496,22.20083,22.36777,22.56291,22.72089,22.85407,23.02251
Nepal,NP,NPL,Transition Pathways,Surface temperature,5th percentile,GCAM,Low Demand,Degree Celsius,,,,,22.01458,22.19714,22.36033,22.51495,22.5883,22.60756,22.60784
Nepal,NP,NPL,Transition Pathways,Surface temperature,5th percentile,GCAM,Nationally Determined Contributions (NDCs),Degree Celsius,,,,,22.01525,22.20478,22.37563,22.56248,22.72545,22.87319,23.06895
Nepal,NP,NPL,Transition Pathways,Surface temperature,5th percentile,GCAM,Net Zero 2050 (Orderly scenario),Degree Celsius,,,,,22.01543,22.21302,22.38604,22.51694,22.57041,22.58799,22.5691
Nepal,NP,NPL,Transition Pathways,Surface temperature,5th percentile,MESSAGEix-GLOBIOM,Below 2°C,Degree Celsius,,,,,22.00467,22.22083,22.40422,22.55982,22.65428,22.69089,22.75488
Nepal,NP,NPL,Transition Pathways,Surface temperature,5th percentile,MESSAGEix-GLOBIOM,Current Policies (Hot house world scenario),Degree Celsius,,,,,22.00431,22.2176,22.37297,22.57096,22.75049,22.88056,23.0623
Nepal,NP,NPL,Transition Pathways,Surface temperature,5th percentile,MESSAGEix-GLOBIOM,Delayed Transition (Disorderly scenario),Degree Celsius,,,,,22.00432,22.21346,22.37337,22.60415,22.73136,22.77699,22.84371
Nepal,NP,NPL,Transition Pathways,Surface temperature,5th percentile,MESSAGEix-GLOBIOM,Fragmented World,Degree Celsius,,,,,22.0045,22.21742,22.37305,22.59254,22.74477,22.83674,22.94953
Nepal,NP,NPL,Transition Pathways,Surface temperature,5th percentile,MESSAGEix-GLOBIOM,Low Demand,Degree Celsius,,,,,22.00468,22.2194,22.40424,22.50241,22.52771,22.50303,22.49731
Nepal,NP,NPL,Transition Pathways,Surface temperature,5th percentile,MESSAGEix-GLOBIOM,Nationally Determined Contributions (NDCs),Degree Celsius,,,,,22.0048,22.22013,22.37147,22.56402,22.70988,22.80614,22.94256
Nepal,NP,NPL,Transition Pathways,Surface temperature,5th percentile,MESSAGEix-GLOBIOM,Net Zero 2050 (Orderly scenario),Degree Celsius,,,,,22.00468,22.22292,22.40947,22.51724,22.54517,22.50757,22.51349
Nepal,NP,NPL,Transition Pathways,Surface temperature,5th percentile,REMIND-MAgPIE,Below 2°C,Degree Celsius,,,,,22.00026182,22.20778045,22.37183252,22.53286998,22.60463743,22.6105763,22.65426509
Nepal,NP,NPL,Transition Pathways,Surface temperature,5th percentile,REMIND-MAgPIE,Current Policies (Hot house world scenario),Degree Celsius,,,,,22.00026182,22.20694883,22.36251342,22.55342059,22.7149592,22.84072709,23.02155572
Nepal,NP,NPL,Transition Pathways,Surface temperature,5th percentile,REMIND-MAgPIE,Delayed Transition (Disorderly scenario),Degree Celsius,,,,,22.00026182,22.20694883,22.36251342,22.55088574,22.66419519,22.69051191,22.69416444
Nepal,NP,NPL,Transition Pathways,Surface temperature,5th percentile,REMIND-MAgPIE,Fragmented World,Degree Celsius,,,,,22.00026182,22.20694883,22.36251342,22.54927369,22.69059239,22.7840586,22.90453455
Nepal,NP,NPL,Transition Pathways,Surface temperature,5th percentile,REMIND-MAgPIE,Low Demand,Degree Celsius,,,,,22.00026182,22.21480173,22.36212388,22.45393998,22.40342916,22.31366487,22.246772
Nepal,NP,NPL,Transition Pathways,Surface temperature,5th percentile,REMIND-MAgPIE,Nationally Determined Contributions (NDCs),Degree Celsius,,,,,22.00026182,22.20472625,22.35936824,22.53099448,22.64205802,22.71329855,22.80476465
Nepal,NP,NPL,Transition Pathways,Surface temperature,5th percentile,REMIND-MAgPIE,Net Zero 2050 (Orderly scenario),Degree Celsius,,,,,22.00026182,22.20799446,22.36432826,22.47241159,22.46257902,22.40280835,22.38809665
Nepal,NP,NPL,Transition Pathways,Surface temperature,95th percentile,GCAM,Below 2°C,Degree Celsius,,,,,22.3652,22.77402,23.15325,23.48898,23.74693,23.89497,24.05819
Nepal,NP,NPL,Transition Pathways,Surface temperature,95th percentile,GCAM,Current Policies (Hot house world scenario),Degree Celsius,,,,,22.27939,22.63234,22.92276,23.21266,23.53171,23.8034,24.10361
Nepal,NP,NPL,Transition Pathways,Surface temperature,95th percentile,GCAM,Delayed Transition (Disorderly scenario),Degree Celsius,,,,,22.36417,22.74963,23.08203,23.4903,23.80755,23.99403,24.15928
Nepal,NP,NPL,Transition Pathways,Surface temperature,95th percentile,GCAM,Fragmented World,Degree Celsius,,,,,22.27968,22.63213,22.92305,23.22885,23.53848,23.76379,24.00109
Nepal,NP,NPL,Transition Pathways,Surface temperature,95th percentile,GCAM,Low Demand,Degree Celsius,,,,,22.36387,22.74131,23.09391,23.4143,23.65542,23.7766,23.79801
Nepal,NP,NPL,Transition Pathways,Surface temperature,95th percentile,GCAM,Nationally Determined Contributions (NDCs),Degree Celsius,,,,,22.28001,22.64062,22.93925,23.24092,23.55017,23.78394,24.04689
Nepal,NP,NPL,Transition Pathways,Surface temperature,95th percentile,GCAM,Net Zero 2050 (Orderly scenario),Degree Celsius,,,,,22.36555,22.7835,23.17606,23.49322,23.71145,23.79973,23.77792
Nepal,NP,NPL,Transition Pathways,Surface temperature,95th percentile,MESSAGEix-GLOBIOM,Below 2°C,Degree Celsius,,,,,22.33648,22.76902,23.17401,23.50018,23.7397,23.87023,24.03714
Nepal,NP,NPL,Transition Pathways,Surface temperature,95th percentile,MESSAGEix-GLOBIOM,Current Policies (Hot house world scenario),Degree Celsius,,,,,22.2545,22.6407,22.90508,23.20495,23.53695,23.78133,24.05711
Nepal,NP,NPL,Transition Pathways,Surface temperature,95th percentile,MESSAGEix-GLOBIOM,Delayed Transition (Disorderly scenario),Degree Celsius,,,,,22.33622,22.75835,23.06258,23.49266,23.81846,23.96731,24.13611
Nepal,NP,NPL,Transition Pathways,Surface temperature,95th percentile,MESSAGEix-GLOBIOM,Fragmented World,Degree Celsius,,,,,22.25462,22.64002,22.9061,23.26325,23.59344,23.79764,23.99577
Nepal,NP,NPL,Transition Pathways,Surface temperature,95th percentile,MESSAGEix-GLOBIOM,Low Demand,Degree Celsius,,,,,22.33651,22.77233,23.24799,23.54422,23.70901,23.75035,23.79441
Nepal,NP,NPL,Transition Pathways,Surface temperature,95th percentile,MESSAGEix-GLOBIOM,Nationally Determined Contributions (NDCs),Degree Celsius,,,,,22.25486,22.64608,22.91702,23.21108,23.52593,23.72825,23.95222
Nepal,NP,NPL,Transition Pathways,Surface temperature,95th percentile,MESSAGEix-GLOBIOM,Net Zero 2050 (Orderly scenario),Degree Celsius,,,,,22.33651,22.77104,23.20165,23.4707,23.59829,23.63596,23.68562
Nepal,NP,NPL,Transition Pathways,Surface temperature,95th percentile,REMIND-MAgPIE,Below 2°C,Degree Celsius,,,,,22.24750837,22.75301221,23.05577693,23.38928646,23.63725773,23.7568444,23.88536026
Nepal,NP,NPL,Transition Pathways,Surface temperature,95th percentile,REMIND-MAgPIE,Current Policies (Hot house world scenario),Degree Celsius,,,,,22.24750837,22.62984664,22.87160232,23.18944793,23.49915215,23.76265849,24.06556768
Nepal,NP,NPL,Transition Pathways,Surface temperature,95th percentile,REMIND-MAgPIE,Delayed Transition (Disorderly scenario),Degree Celsius,,,,,22.24750837,22.62984664,22.87160232,23.38444371,23.70188865,23.8418901,23.95854654
Nepal,NP,NPL,Transition Pathways,Surface temperature,95th percentile,REMIND-MAgPIE,Fragmented World,Degree Celsius,,,,,22.24750837,22.62984664,22.87160232,23.18463782,23.49662298,23.72694312,23.95167188
Nepal,NP,NPL,Transition Pathways,Surface temperature,95th percentile,REMIND-MAgPIE,Low Demand,Degree Celsius,,,,,22.24750837,22.75783506,23.10431063,23.40876558,23.54617633,23.54340269,23.57814652
Nepal,NP,NPL,Transition Pathways,Surface temperature,95th percentile,REMIND-MAgPIE,Nationally Determined Contributions (NDCs),Degree Celsius,,,,,22.24750837,22.62618428,22.87662683,23.18329021,23.4716646,23.64472479,23.83811884
Nepal,NP,NPL,Transition Pathways,Surface temperature,95th percentile,REMIND-MAgPIE,Net Zero 2050 (Orderly scenario),Degree Celsius,,,,,22.24750837,22.75835447,23.06717636,23.34929014,23.47929095,23.48042299,23.51889995
Nepal,NP,NPL,Transition Pathways,Emissions and CCS,Bioenergy with CCS,GCAM,Below 2°C,Mt CO2/yr,,,,,0.0224,0.0254,0.0353,0.411,1.2782,1.7007,1.782
Nepal,NP,NPL,Transition Pathways,Emissions and CCS,Bioenergy with CCS,GCAM,Current Policies (Hot house world scenario),Mt CO2/yr,,,,,0.0224,0.0245,0.026,0.0265,0.0263,0.0214,0.0161
Nepal,NP,NPL,Transition Pathways,Emissions and CCS,Bioenergy with CCS,GCAM,Delayed Transition (Disorderly scenario),Mt CO2/yr,,,,,0.0226,0.0247,0.0262,0.0708,0.2077,0.2056,0.3408
Nepal,NP,NPL,Transition Pathways,Emissions and CCS,Bioenergy with CCS,GCAM,Fragmented World,Mt CO2/yr,,,,,0.0228,0.025,0.0267,0.0186,0.003,0.0013,0.001
Nepal,NP,NPL,Transition Pathways,Emissions and CCS,Bioenergy with CCS,GCAM,Low Demand,Mt CO2/yr,,,,,0.0221,0.0245,0.0459,1.5761,2.6546,2.326,3.2863
Nepal,NP,NPL,Transition Pathways,Emissions and CCS,Bioenergy with CCS,GCAM,Nationally Determined Contributions (NDCs),Mt CO2/yr,,,,,0.0227,0.0248,0.0222,0.0245,0.0332,0.0486,0.0868
Nepal,NP,NPL,Transition Pathways,Emissions and CCS,Bioenergy with CCS,GCAM,Net Zero 2050 (Orderly scenario),Mt CO2/yr,,,,,0.0219,0.0245,0.1578,1.5486,2.1775,1.8368,1.9591
Nepal,NP,NPL,Transition Pathways,Emissions and CCS,Bioenergy with CCS,MESSAGEix-GLOBIOM,Below 2°C,Mt CO2/yr,,,,,0.0,0.0,0.1088,0.3002,0.4373,0.8681,1.6334
Nepal,NP,NPL,Transition Pathways,Emissions and CCS,Bioenergy with CCS,MESSAGEix-GLOBIOM,Current Policies (Hot house world scenario),Mt CO2/yr,,,,,0.0,0.0,0.0,0.0,0.0,0.0,0.0
Nepal,NP,NPL,Transition Pathways,Emissions and CCS,Bioenergy with CCS,MESSAGEix-GLOBIOM,Delayed Transition (Disorderly scenario),Mt CO2/yr,,,,,0.0,0.0,0.0,0.1029,0.2856,0.5841,1.0189
Nepal,NP,NPL,Transition Pathways,Emissions and CCS,Bioenergy with CCS,MESSAGEix-GLOBIOM,Fragmented World,Mt CO2/yr,,,,,0.0,0.0,0.0,0.1051,0.2885,0.6121,1.2813
Nepal,NP,NPL,Transition Pathways,Emissions and CCS,Bioenergy with CCS,MESSAGEix-GLOBIOM,Low Demand,Mt CO2/yr,,,,,0.0,0.0,0.0474,1.1081,2.5803,5.0275,6.6542
Nepal,NP,NPL,Transition Pathways,Emissions and CCS,Bioenergy with CCS,MESSAGEix-GLOBIOM,Nationally Determined Contributions (NDCs),Mt CO2/yr,,,,,0.0,0.0,0.0,0.0,0.0,0.0,0.0
Nepal,NP,NPL,Transition Pathways,Emissions and CCS,Bioenergy with CCS,MESSAGEix-GLOBIOM,Net Zero 2050 (Orderly scenario),Mt CO2/yr,,,,,0.0,0.0,0.1029,0.2777,0.5858,1.4114,3.0498
Nepal,NP,NPL,Transition Pathways,Emissions and CCS,Bioenergy with CCS,REMIND-MAgPIE,Below 2°C,Mt CO2/yr,,,,,0.0,0.0,0.0,0.0153,0.1868,0.9128,1.8259
Nepal,NP,NPL,Transition Pathways,Emissions and CCS,Bioenergy with CCS,REMIND-MAgPIE,Delayed Transition (Disorderly scenario),Mt CO2/yr,,,,,0.0,0.0,0.0,0.0104,0.3499,1.4728,2.7825
Nepal,NP,NPL,Transition Pathways,Emissions and CCS,Bioenergy with CCS,REMIND-MAgPIE,Low Demand,Mt CO2/yr,,,,,0.0,0.0,0.1172,0.8282,2.4513,4.3097,6.7939
Nepal,NP,NPL,Transition Pathways,Emissions and CCS,Bioenergy with CCS,REMIND-MAgPIE,Nationally Determined Contributions (NDCs),Mt CO2/yr,,,,,0.0,0.0,0.0,0.0202,0.0058,0.0051,0.0049
Nepal,NP,NPL,Transition Pathways,Emissions and CCS,Bioenergy with CCS,REMIND-MAgPIE,Net Zero 2050 (Orderly scenario),Mt CO2/yr,,,,,0.0,0.0247,0.3338,1.2887,3.7266,7.6366,10.2679
Nepal,NP,NPL,Transition Pathways,Primary energy,Biomass,GCAM,Below 2°C,EJ/yr,,,,,0.5022,0.4747,0.4256,0.3681,0.2942,0.1864,0.118
Nepal,NP,NPL,Transition Pathways,Primary energy,Biomass,GCAM,Current Policies (Hot house world scenario),EJ/yr,,,,,0.5041,0.4876,0.4641,0.4305,0.3961,0.336,0.2929
Nepal,NP,NPL,Transition Pathways,Primary energy,Biomass,GCAM,Delayed Transition (Disorderly scenario),EJ/yr,,,,,0.5054,0.4896,0.4664,0.3994,0.3137,0.2136,0.1409
Nepal,NP,NPL,Transition Pathways,Primary energy,Biomass,GCAM,Fragmented World,EJ/yr,,,,,0.5068,0.4918,0.472,0.4155,0.3416,0.2666,0.2085
Nepal,NP,NPL,Transition Pathways,Primary energy,Biomass,GCAM,Low Demand,EJ/yr,,,,,0.4976,0.4713,0.4388,0.3593,0.2289,0.1179,0.0736
Nepal,NP,NPL,Transition Pathways,Primary energy,Biomass,GCAM,Nationally Determined Contributions (NDCs),EJ/yr,,,,,0.5057,0.4942,0.4403,0.4191,0.3999,0.3585,0.3275
Nepal,NP,NPL,Transition Pathways,Primary energy,Biomass,GCAM,Net Zero 2050 (Orderly scenario),EJ/yr,,,,,0.4957,0.457,0.3719,0.2695,0.1496,0.0645,0.0347
Nepal,NP,NPL,Transition Pathways,Primary energy,Biomass,MESSAGEix-GLOBIOM,Below 2°C,EJ/yr,,,,,0.4195,0.417,0.4147,0.4134,0.4192,0.3901,0.4144
Nepal,NP,NPL,Transition Pathways,Primary energy,Biomass,MESSAGEix-GLOBIOM,Current Policies (Hot house world scenario),EJ/yr,,,,,0.4199,0.4204,0.4237,0.4107,0.3948,0.3384,0.2903
Nepal,NP,NPL,Transition Pathways,Primary energy,Biomass,MESSAGEix-GLOBIOM,Delayed Transition (Disorderly scenario),EJ/yr,,,,,0.4202,0.4206,0.4238,0.4124,0.4046,0.3761,0.3793
Nepal,NP,NPL,Transition Pathways,Primary energy,Biomass,MESSAGEix-GLOBIOM,Fragmented World,EJ/yr,,,,,0.4197,0.4192,0.4217,0.411,0.3942,0.3621,0.3435
Nepal,NP,NPL,Transition Pathways,Primary energy,Biomass,MESSAGEix-GLOBIOM,Low Demand,EJ/yr,,,,,0.4245,0.4291,0.4843,0.9211,0.9299,0.8252,0.6508
Nepal,NP,NPL,Transition Pathways,Primary energy,Biomass,MESSAGEix-GLOBIOM,Nationally Determined Contributions (NDCs),EJ/yr,,,,,0.4204,0.4169,0.4119,0.3934,0.3791,0.3245,0.3012
Nepal,NP,NPL,Transition Pathways,Primary energy,Biomass,MESSAGEix-GLOBIOM,Net Zero 2050 (Orderly scenario),EJ/yr,,,,,0.4191,0.4166,0.4063,0.4162,0.4345,0.5643,0.7199
Nepal,NP,NPL,Transition Pathways,Primary energy,Biomass,REMIND-MAgPIE,Below 2°C,EJ/yr,,,,,0.3222,0.2167,0.0409,0.0376,0.067,0.1188,0.1414
Nepal,NP,NPL,Transition Pathways,Primary energy,Biomass,REMIND-MAgPIE,Current Policies (Hot house world scenario),EJ/yr,,,,,0.3538,0.3452,0.3097,0.2378,0.018,0.0177,0.0167
Nepal,NP,NPL,Transition Pathways,Primary energy,Biomass,REMIND-MAgPIE,Delayed Transition (Disorderly scenario),EJ/yr,,,,,0.3251,0.3473,0.3023,0.0222,0.0805,0.1155,0.1405
Nepal,NP,NPL,Transition Pathways,Primary energy,Biomass,REMIND-MAgPIE,Fragmented World,EJ/yr,,,,,0.3542,0.3358,0.2961,0.2845,0.033,0.0147,0.0152
Nepal,NP,NPL,Transition Pathways,Primary energy,Biomass,REMIND-MAgPIE,Low Demand,EJ/yr,,,,,0.3821,0.2904,0.2497,0.1831,0.1569,0.1325,0.1418
Nepal,NP,NPL,Transition Pathways,Primary energy,Biomass,REMIND-MAgPIE,Nationally Determined Contributions (NDCs),EJ/yr,,,,,0.3457,0.3423,0.2676,0.1282,0.0309,0.0299,0.0353
Nepal,NP,NPL,Transition Pathways,Primary energy,Biomass,REMIND-MAgPIE,Net Zero 2050 (Orderly scenario),EJ/yr,,,,,0.3668,0.2891,0.2291,0.196,0.17,0.1754,0.2141
Nepal,NP,NPL,Transition Pathways,Primary energy,Coal,GCAM,Below 2°C,EJ/yr,,,,,0.0585,0.0753,0.074,0.0537,0.0341,0.0246,0.0245
Nepal,NP,NPL,Transition Pathways,Primary energy,Coal,GCAM,Current Policies (Hot house world scenario),EJ/yr,,,,,0.0622,0.076,0.0792,0.107,0.1483,0.1846,0.2376
Nepal,NP,NPL,Transition Pathways,Primary energy,Coal,GCAM,Delayed Transition (Disorderly scenario),EJ/yr,,,,,0.0631,0.0776,0.0813,0.0809,0.0642,0.0511,0.0477
Nepal,NP,NPL,Transition Pathways,Primary energy,Coal,GCAM,Fragmented World,EJ/yr,,,,,0.0669,0.0764,0.0772,0.1069,0.1557,0.1862,0.2325
Nepal,NP,NPL,Transition Pathways,Primary energy,Coal,GCAM,Low Demand,EJ/yr,,,,,0.0576,0.0772,0.0656,0.039,0.0254,0.0162,0.011
Nepal,NP,NPL,Transition Pathways,Primary energy,Coal,GCAM,Nationally Determined Contributions (NDCs),EJ/yr,,,,,0.0625,0.0754,0.0892,0.0945,0.095,0.088,0.0873
Nepal,NP,NPL,Transition Pathways,Primary energy,Coal,GCAM,Net Zero 2050 (Orderly scenario),EJ/yr,,,,,0.055,0.0672,0.0705,0.0457,0.0332,0.0198,0.0144
Nepal,NP,NPL,Transition Pathways,Primary energy,Coal,MESSAGEix-GLOBIOM,Below 2°C,EJ/yr,,,,,0.085,0.1095,0.1107,0.1068,0.0742,0.0647,0.0722
Nepal,NP,NPL,Transition Pathways,Primary energy,Coal,MESSAGEix-GLOBIOM,Current Policies (Hot house world scenario),EJ/yr,,,,,0.0828,0.1074,0.1225,0.1314,0.1349,0.1353,0.1802
Nepal,NP,NPL,Transition Pathways,Primary energy,Coal,MESSAGEix-GLOBIOM,Delayed Transition (Disorderly scenario),EJ/yr,,,,,0.0825,0.1068,0.1215,0.127,0.1135,0.1002,0.1093
Nepal,NP,NPL,Transition Pathways,Primary energy,Coal,MESSAGEix-GLOBIOM,Fragmented World,EJ/yr,,,,,0.0834,0.1075,0.1218,0.1206,0.1015,0.0835,0.1037
Nepal,NP,NPL,Transition Pathways,Primary energy,Coal,MESSAGEix-GLOBIOM,Low Demand,EJ/yr,,,,,0.0774,0.0971,0.4681,0.354,0.2608,0.2127,0.17
Nepal,NP,NPL,Transition Pathways,Primary energy,Coal,MESSAGEix-GLOBIOM,Nationally Determined Contributions (NDCs),EJ/yr,,,,,0.0834,0.1087,0.1261,0.1355,0.1401,0.14,0.1679
Nepal,NP,NPL,Transition Pathways,Primary energy,Coal,MESSAGEix-GLOBIOM,Net Zero 2050 (Orderly scenario),EJ/yr,,,,,0.085,0.1098,0.0987,0.1071,0.0868,0.0808,0.084
Nepal,NP,NPL,Transition Pathways,Primary energy,Coal,REMIND-MAgPIE,Below 2°C,EJ/yr,,,,,0.2191,0.2958,0.4914,0.3373,0.1774,0.0716,0.0537
Nepal,NP,NPL,Transition Pathways,Primary energy,Coal,REMIND-MAgPIE,Current Policies (Hot house world scenario),EJ/yr,,,,,0.1354,0.0884,0.1176,0.2419,0.8054,1.0586,1.0706
Nepal,NP,NPL,Transition Pathways,Primary energy,Coal,REMIND-MAgPIE,Delayed Transition (Disorderly scenario),EJ/yr,,,,,0.2036,0.0891,0.1334,0.7849,0.2256,0.0624,0.0574
Nepal,NP,NPL,Transition Pathways,Primary energy,Coal,REMIND-MAgPIE,Fragmented World,EJ/yr,,,,,0.1285,0.0832,0.1161,0.1534,0.5337,0.8124,0.8808
Nepal,NP,NPL,Transition Pathways,Primary energy,Coal,REMIND-MAgPIE,Low Demand,EJ/yr,,,,,0.1223,0.2026,0.0744,0.0233,0.0295,0.0259,0.0274
Nepal,NP,NPL,Transition Pathways,Primary energy,Coal,REMIND-MAgPIE,Nationally Determined Contributions (NDCs),EJ/yr,,,,,0.1571,0.0837,0.1308,0.2568,0.3493,0.357,0.4067
Nepal,NP,NPL,Transition Pathways,Primary energy,Coal,REMIND-MAgPIE,Net Zero 2050 (Orderly scenario),EJ/yr,,,,,0.1063,0.1549,0.0545,0.0249,0.0317,0.0302,0.03
Nepal,NP,NPL,Transition Pathways,Final energy,Electricity,GCAM,Below 2°C,EJ/yr,,,,,0.0187,0.0385,0.0659,0.1125,0.1917,0.2856,0.3651
Nepal,NP,NPL,Transition Pathways,Final energy,Electricity,GCAM,Current Policies (Hot house world scenario),EJ/yr,,,,,0.0188,0.0379,0.0644,0.1052,0.1728,0.2589,0.2965
Nepal,NP,NPL,Transition Pathways,Final energy,Electricity,GCAM,Delayed Transition (Disorderly scenario),EJ/yr,,,,,0.0188,0.038,0.065,0.1118,0.1881,0.2862,0.3646
Nepal,NP,NPL,Transition Pathways,Final energy,Electricity,GCAM,Fragmented World,EJ/yr,,,,,0.0208,0.0433,0.0745,0.1208,0.1886,0.271,0.3116
Nepal,NP,NPL,Transition Pathways,Final energy,Electricity,GCAM,Low Demand,EJ/yr,,,,,0.0178,0.0321,0.0471,0.0817,0.148,0.2495,0.3328
Nepal,NP,NPL,Transition Pathways,Final energy,Electricity,GCAM,Nationally Determined Contributions (NDCs),EJ/yr,,,,,0.02,0.0418,0.073,0.119,0.1875,0.2623,0.3023
Nepal,NP,NPL,Transition Pathways,Final energy,Electricity,GCAM,Net Zero 2050 (Orderly scenario),EJ/yr,,,,,0.0173,0.0337,0.0578,0.1077,0.1939,0.3159,0.4026
Nepal,NP,NPL,Transition Pathways,Final energy,Electricity,MESSAGEix-GLOBIOM,Below 2°C,EJ/yr,,,,,0.0247,0.0404,0.0615,0.0949,0.1435,0.2173,0.2361
Nepal,NP,NPL,Transition Pathways,Final energy,Electricity,MESSAGEix-GLOBIOM,Current Policies (Hot house world scenario),EJ/yr,,,,,0.028,0.0455,0.071,0.1105,0.164,0.2384,0.2543
Nepal,NP,NPL,Transition Pathways,Final energy,Electricity,MESSAGEix-GLOBIOM,Delayed Transition (Disorderly scenario),EJ/yr,,,,,0.0281,0.046,0.0724,0.1005,0.1588,0.2442,0.266
Nepal,NP,NPL,Transition Pathways,Final energy,Electricity,MESSAGEix-GLOBIOM,Fragmented World,EJ/yr,,,,,0.0253,0.0425,0.0681,0.1025,0.1509,0.223,0.2405
Nepal,NP,NPL,Transition Pathways,Final energy,Electricity,MESSAGEix-GLOBIOM,Low Demand,EJ/yr,,,,,0.0266,0.0427,0.0773,0.1221,0.1616,0.2246,0.2383
Nepal,NP,NPL,Transition Pathways,Final energy,Electricity,MESSAGEix-GLOBIOM,Nationally Determined Contributions (NDCs),EJ/yr,,,,,0.0251,0.0414,0.065,0.0974,0.1438,0.2095,0.2206
Nepal,NP,NPL,Transition Pathways,Final energy,Electricity,MESSAGEix-GLOBIOM,Net Zero 2050 (Orderly scenario),EJ/yr,,,,,0.0242,0.0386,0.0533,0.0875,0.1392,0.2175,0.2343
Nepal,NP,NPL,Transition Pathways,Final energy,Electricity,REMIND-MAgPIE,Below 2°C,EJ/yr,,,,,0.0135,0.0205,0.0378,0.0708,0.1269,0.225,0.2869
Nepal,NP,NPL,Transition Pathways,Final energy,Electricity,REMIND-MAgPIE,Current Policies (Hot house world scenario),EJ/yr,,,,,0.0143,0.0224,0.0391,0.069,0.1223,0.2064,0.2474
Nepal,NP,NPL,Transition Pathways,Final energy,Electricity,REMIND-MAgPIE,Delayed Transition (Disorderly scenario),EJ/yr,,,,,0.014,0.0219,0.0383,0.0614,0.117,0.2127,0.2684
Nepal,NP,NPL,Transition Pathways,Final energy,Electricity,REMIND-MAgPIE,Fragmented World,EJ/yr,,,,,0.0138,0.0209,0.0363,0.0631,0.1073,0.1784,0.2126
Nepal,NP,NPL,Transition Pathways,Final energy,Electricity,REMIND-MAgPIE,Low Demand,EJ/yr,,,,,0.0203,0.0308,0.0507,0.0865,0.1458,0.2547,0.3756
Nepal,NP,NPL,Transition Pathways,Final energy,Electricity,REMIND-MAgPIE,Nationally Determined Contributions (NDCs),EJ/yr,,,,,0.0136,0.0208,0.0384,0.0695,0.1234,0.2004,0.2398
Nepal,NP,NPL,Transition Pathways,Final energy,Electricity,REMIND-MAgPIE,Net Zero 2050 (Orderly scenario),EJ/yr,,,,,0.0132,0.0202,0.0371,0.0661,0.1266,0.2507,0.3514
Nepal,NP,NPL,Transition Pathways,Emissions and CCS,Energy and industrial processes CO2 emissions,GCAM,Below 2°C,Mt CO2/yr,,,,,19.2848,22.8511,21.324,18.2099,15.4979,14.6922,13.9384
Nepal,NP,NPL,Transition Pathways,Emissions and CCS,Energy and industrial processes CO2 emissions,GCAM,Current Policies (Hot house world scenario),Mt CO2/yr,,,,,20.5089,24.6057,24.36,25.8543,29.8185,33.565,39.8282
Nepal,NP,NPL,Transition Pathways,Emissions and CCS,Energy and industrial processes CO2 emissions,GCAM,Delayed Transition (Disorderly scenario),Mt CO2/yr,,,,,20.5893,24.7672,24.5533,21.1242,19.4847,18.6999,18.6563
Nepal,NP,NPL,Transition Pathways,Emissions and CCS,Energy and industrial processes CO2 emissions,GCAM,Fragmented World,Mt CO2/yr,,,,,20.2756,23.3329,22.9561,24.9422,30.0749,33.4446,39.2089
Nepal,NP,NPL,Transition Pathways,Emissions and CCS,Energy and industrial processes CO2 emissions,GCAM,Low Demand,Mt CO2/yr,,,,,19.4772,22.7528,19.3192,14.6175,12.7029,10.322,7.183
Nepal,NP,NPL,Transition Pathways,Emissions and CCS,Energy and industrial processes CO2 emissions,GCAM,Nationally Determined Contributions (NDCs),Mt CO2/yr,,,,,19.8274,23.0215,23.8949,23.4528,23.6638,23.1172,23.8737
Nepal,NP,NPL,Transition Pathways,Emissions and CCS,Energy and industrial processes CO2 emissions,GCAM,Net Zero 2050 (Orderly scenario),Mt CO2/yr,,,,,19.6787,23.165,21.0391,16.8021,15.7431,11.1208,8.0652
Nepal,NP,NPL,Transition Pathways,Emissions and CCS,Energy and industrial processes CO2 emissions,MESSAGEix-GLOBIOM,Below 2°C,Mt CO2/yr,,,,,20.3935,23.6157,25.3796,27.4269,25.9524,25.7364,26.9191
Nepal,NP,NPL,Transition Pathways,Emissions and CCS,Energy and industrial processes CO2 emissions,MESSAGEix-GLOBIOM,Current Policies (Hot house world scenario),Mt CO2/yr,,,,,19.9929,22.8521,24.1156,26.9002,28.7658,31.1539,38.4217
Nepal,NP,NPL,Transition Pathways,Emissions and CCS,Energy and industrial processes CO2 emissions,MESSAGEix-GLOBIOM,Delayed Transition (Disorderly scenario),Mt CO2/yr,,,,,19.9353,22.7618,23.9739,30.7187,30.1437,28.293,28.0771
Nepal,NP,NPL,Transition Pathways,Emissions and CCS,Energy and industrial processes CO2 emissions,MESSAGEix-GLOBIOM,Fragmented World,Mt CO2/yr,,,,,20.2768,23.3194,24.5928,27.7919,26.7864,26.6038,30.347
Nepal,NP,NPL,Transition Pathways,Emissions and CCS,Energy and industrial processes CO2 emissions,MESSAGEix-GLOBIOM,Low Demand,Mt CO2/yr,,,,,21.0995,25.5729,56.4947,45.5247,34.7312,26.1296,16.819
Nepal,NP,NPL,Transition Pathways,Emissions and CCS,Energy and industrial processes CO2 emissions,MESSAGEix-GLOBIOM,Nationally Determined Contributions (NDCs),Mt CO2/yr,,,,,19.9574,23.6153,26.5279,29.1947,31.1224,33.4955,39.4586
Nepal,NP,NPL,Transition Pathways,Emissions and CCS,Energy and industrial processes CO2 emissions,MESSAGEix-GLOBIOM,Net Zero 2050 (Orderly scenario),Mt CO2/yr,,,,,20.3224,23.6209,21.1257,21.0455,18.836,13.7932,8.9719
Nepal,NP,NPL,Transition Pathways,Emissions and CCS,Energy and industrial processes CO2 emissions,REMIND-MAgPIE,Below 2°C,Mt CO2/yr,,,,,39.0312,51.2387,75.1694,65.7309,52.5517,40.2407,38.1495
Nepal,NP,NPL,Transition Pathways,Emissions and CCS,Energy and industrial processes CO2 emissions,REMIND-MAgPIE,Current Policies (Hot house world scenario),Mt CO2/yr,,,,,32.4237,33.6114,41.2341,56.8666,113.8646,140.0701,144.5273
Nepal,NP,NPL,Transition Pathways,Emissions and CCS,Energy and industrial processes CO2 emissions,REMIND-MAgPIE,Delayed Transition (Disorderly scenario),Mt CO2/yr,,,,,38.4822,33.5402,42.4616,108.1659,61.5655,44.8257,42.6175
Nepal,NP,NPL,Transition Pathways,Emissions and CCS,Energy and industrial processes CO2 emissions,REMIND-MAgPIE,Fragmented World,Mt CO2/yr,,,,,31.4147,32.2923,40.0212,48.3664,89.2302,119.7873,131.0917
Nepal,NP,NPL,Transition Pathways,Emissions and CCS,Energy and industrial processes CO2 emissions,REMIND-MAgPIE,Low Demand,Mt CO2/yr,,,,,32.829,47.554,42.1451,41.694,42.87,39.1481,34.1514
Nepal,NP,NPL,Transition Pathways,Emissions and CCS,Energy and industrial processes CO2 emissions,REMIND-MAgPIE,Nationally Determined Contributions (NDCs),Mt CO2/yr,,,,,33.6688,32.4533,42.5088,59.9041,74.3779,77.9643,85.6673
Nepal,NP,NPL,Transition Pathways,Emissions and CCS,Energy and industrial processes CO2 emissions,REMIND-MAgPIE,Net Zero 2050 (Orderly scenario),Mt CO2/yr,,,,,29.4719,39.6673,35.5746,32.5022,31.6196,23.6381,13.6806
Nepal,NP,NPL,Transition Pathways,Emissions and CCS,Fossil energy CCS,GCAM,Below 2°C,Mt CO2/yr,,,,,0.0,0.0073,0.064,0.179,0.2684,0.375,0.6293
Nepal,NP,NPL,Transition Pathways,Emissions and CCS,Fossil energy CCS,GCAM,Current Policies (Hot house world scenario),Mt CO2/yr,,,,,0.0,0.0003,0.0008,0.0022,0.0047,0.0088,0.0149
Nepal,NP,NPL,Transition Pathways,Emissions and CCS,Fossil energy CCS,GCAM,Delayed Transition (Disorderly scenario),Mt CO2/yr,,,,,0.0,0.0002,0.0007,0.1301,0.2878,0.4248,0.6912
Nepal,NP,NPL,Transition Pathways,Emissions and CCS,Fossil energy CCS,GCAM,Fragmented World,Mt CO2/yr,,,,,0.0,0.0002,0.0007,0.0554,0.1367,0.2341,0.3802
Nepal,NP,NPL,Transition Pathways,Emissions and CCS,Fossil energy CCS,GCAM,Low Demand,Mt CO2/yr,,,,,0.0,0.0047,0.0423,0.129,0.2468,0.4598,0.6922
Nepal,NP,NPL,Transition Pathways,Emissions and CCS,Fossil energy CCS,GCAM,Nationally Determined Contributions (NDCs),Mt CO2/yr,,,,,0.0,0.0003,0.0008,0.0025,0.0056,0.0113,0.0206
Nepal,NP,NPL,Transition Pathways,Emissions and CCS,Fossil energy CCS,GCAM,Net Zero 2050 (Orderly scenario),Mt CO2/yr,,,,,0.0,0.006,0.0817,0.2239,0.4385,0.6907,0.9095
Nepal,NP,NPL,Transition Pathways,Emissions and CCS,Fossil energy CCS,MESSAGEix-GLOBIOM,Below 2°C,Mt CO2/yr,,,,,0.0,0.0,0.0011,0.0039,0.012,0.0313,0.493
Nepal,NP,NPL,Transition Pathways,Emissions and CCS,Fossil energy CCS,MESSAGEix-GLOBIOM,Current Policies (Hot house world scenario),Mt CO2/yr,,,,,0.0,0.0,0.0,0.0,0.0,0.0,0.0
Nepal,NP,NPL,Transition Pathways,Emissions and CCS,Fossil energy CCS,MESSAGEix-GLOBIOM,Delayed Transition (Disorderly scenario),Mt CO2/yr,,,,,0.0,0.0,0.0,0.0879,0.1983,0.3361,1.1316
Nepal,NP,NPL,Transition Pathways,Emissions and CCS,Fossil energy CCS,MESSAGEix-GLOBIOM,Fragmented World,Mt CO2/yr,,,,,0.0,0.0,0.0,0.0015,0.0069,0.0212,0.062
Nepal,NP,NPL,Transition Pathways,Emissions and CCS,Fossil energy CCS,MESSAGEix-GLOBIOM,Low Demand,Mt CO2/yr,,,,,0.0,0.0,2.2183,3.1675,3.4837,4.204,5.1174
Nepal,NP,NPL,Transition Pathways,Emissions and CCS,Fossil energy CCS,MESSAGEix-GLOBIOM,Nationally Determined Contributions (NDCs),Mt CO2/yr,,,,,0.0,0.0,0.0,0.0,0.0,0.0,0.0
Nepal,NP,NPL,Transition Pathways,Emissions and CCS,Fossil energy CCS,MESSAGEix-GLOBIOM,Net Zero 2050 (Orderly scenario),Mt CO2/yr,,,,,0.0,0.0,0.5985,0.5572,1.2752,2.3166,2.2139
Nepal,NP,NPL,Transition Pathways,Emissions and CCS,Fossil energy CCS,REMIND-MAgPIE,Below 2°C,Mt CO2/yr,,,,,0.0,0.0,0.0,0.0,0.0,0.0,0.0
Nepal,NP,NPL,Transition Pathways,Emissions and CCS,Fossil energy CCS,REMIND-MAgPIE,Current Policies (Hot house world scenario),Mt CO2/yr,,,,,0.0,0.0,0.0,0.0,0.0,0.0,0.0
Nepal,NP,NPL,Transition Pathways,Emissions and CCS,Fossil energy CCS,REMIND-MAgPIE,Delayed Transition (Disorderly scenario),Mt CO2/yr,,,,,0.0,0.0,0.0,0.0,0.0,0.0,0.0
Nepal,NP,NPL,Transition Pathways,Emissions and CCS,Fossil energy CCS,REMIND-MAgPIE,Fragmented World,Mt CO2/yr,,,,,0.0,0.0,0.0,0.0,0.0,0.0,0.0
Nepal,NP,NPL,Transition Pathways,Emissions and CCS,Fossil energy CCS,REMIND-MAgPIE,Low Demand,Mt CO2/yr,,,,,0.0,0.0,0.0,0.0,0.0,0.0,0.0
Nepal,NP,NPL,Transition Pathways,Emissions and CCS,Fossil energy CCS,REMIND-MAgPIE,Nationally Determined Contributions (NDCs),Mt CO2/yr,,,,,0.0,0.0,0.0,0.0,0.0,0.0,0.0023
Nepal,NP,NPL,Transition Pathways,Emissions and CCS,Fossil energy CCS,REMIND-MAgPIE,Net Zero 2050 (Orderly scenario),Mt CO2/yr,,,,,0.0,0.0,0.0,0.0,0.0,0.0,0.0
Nepal,NP,NPL,Transition Pathways,Primary energy,Gas,GCAM,Below 2°C,EJ/yr,,,,,0.0034,0.0061,0.0088,0.0117,0.0154,0.0197,0.0235
Nepal,NP,NPL,Transition Pathways,Primary energy,Gas,GCAM,Current Policies (Hot house world scenario),EJ/yr,,,,,0.0032,0.0059,0.0096,0.015,0.0222,0.032,0.0447
Nepal,NP,NPL,Transition Pathways,Primary energy,Gas,GCAM,Delayed Transition (Disorderly scenario),EJ/yr,,,,,0.0026,0.0049,0.0079,0.0114,0.0149,0.0188,0.0217
Nepal,NP,NPL,Transition Pathways,Primary energy,Gas,GCAM,Fragmented World,EJ/yr,,,,,0.0024,0.0046,0.0074,0.0118,0.0179,0.026,0.0364
Nepal,NP,NPL,Transition Pathways,Primary energy,Gas,GCAM,Low Demand,EJ/yr,,,,,0.0049,0.0083,0.0101,0.0123,0.0157,0.0192,0.024
Nepal,NP,NPL,Transition Pathways,Primary energy,Gas,GCAM,Nationally Determined Contributions (NDCs),EJ/yr,,,,,0.003,0.0057,0.0095,0.0144,0.0209,0.0286,0.0383
Nepal,NP,NPL,Transition Pathways,Primary energy,Gas,GCAM,Net Zero 2050 (Orderly scenario),EJ/yr,,,,,0.0049,0.0083,0.0099,0.0125,0.0164,0.021,0.0247
Nepal,NP,NPL,Transition Pathways,Primary energy,Gas,MESSAGEix-GLOBIOM,Below 2°C,EJ/yr,,,,,0.0004,0.0006,0.0012,0.0019,0.0026,0.0033,0.0048
Nepal,NP,NPL,Transition Pathways,Primary energy,Gas,MESSAGEix-GLOBIOM,Current Policies (Hot house world scenario),EJ/yr,,,,,0.0013,0.0026,0.0042,0.0062,0.0075,0.0118,0.0148
Nepal,NP,NPL,Transition Pathways,Primary energy,Gas,MESSAGEix-GLOBIOM,Delayed Transition (Disorderly scenario),EJ/yr,,,,,0.0011,0.0022,0.0035,0.0019,0.0023,0.003,0.0044
Nepal,NP,NPL,Transition Pathways,Primary energy,Gas,MESSAGEix-GLOBIOM,Fragmented World,EJ/yr,,,,,0.0006,0.0012,0.0019,0.0032,0.0041,0.0059,0.0074
Nepal,NP,NPL,Transition Pathways,Primary energy,Gas,MESSAGEix-GLOBIOM,Low Demand,EJ/yr,,,,,0.0039,0.0078,0.0112,0.015,0.0236,0.0328,0.0388
Nepal,NP,NPL,Transition Pathways,Primary energy,Gas,MESSAGEix-GLOBIOM,Nationally Determined Contributions (NDCs),EJ/yr,,,,,0.001,0.0019,0.0031,0.0047,0.0058,0.0082,0.0127
Nepal,NP,NPL,Transition Pathways,Primary energy,Gas,MESSAGEix-GLOBIOM,Net Zero 2050 (Orderly scenario),EJ/yr,,,,,0.0006,0.0009,0.0011,0.0016,0.002,0.0029,0.0052
Nepal,NP,NPL,Transition Pathways,Primary energy,Gas,REMIND-MAgPIE,Below 2°C,EJ/yr,,,,,0.0064,0.0114,0.0173,0.0231,0.028,0.0318,0.0327
Nepal,NP,NPL,Transition Pathways,Primary energy,Gas,REMIND-MAgPIE,Current Policies (Hot house world scenario),EJ/yr,,,,,0.0038,0.0072,0.0121,0.0178,0.0241,0.0314,0.0407
Nepal,NP,NPL,Transition Pathways,Primary energy,Gas,REMIND-MAgPIE,Delayed Transition (Disorderly scenario),EJ/yr,,,,,0.0032,0.0059,0.01,0.0213,0.0246,0.0273,0.0269
Nepal,NP,NPL,Transition Pathways,Primary energy,Gas,REMIND-MAgPIE,Fragmented World,EJ/yr,,,,,0.0033,0.0062,0.0105,0.0155,0.021,0.027,0.0342
Nepal,NP,NPL,Transition Pathways,Primary energy,Gas,REMIND-MAgPIE,Low Demand,EJ/yr,,,,,0.0229,0.0375,0.0381,0.0438,0.0407,0.0302,0.0206
Nepal,NP,NPL,Transition Pathways,Primary energy,Gas,REMIND-MAgPIE,Nationally Determined Contributions (NDCs),EJ/yr,,,,,0.0038,0.0073,0.0122,0.0181,0.0242,0.03,0.0368
Nepal,NP,NPL,Transition Pathways,Primary energy,Gas,REMIND-MAgPIE,Net Zero 2050 (Orderly scenario),EJ/yr,,,,,0.0127,0.0215,0.0296,0.0342,0.0307,0.0181,0.0146
Nepal,NP,NPL,Transition Pathways,Final energy,Gases,GCAM,Below 2°C,EJ/yr,,,,,0.0256,0.0515,0.0807,0.0909,0.075,0.0599,0.0517
Nepal,NP,NPL,Transition Pathways,Final energy,Gases,GCAM,Current Policies (Hot house world scenario),EJ/yr,,,,,0.0218,0.0445,0.0852,0.1235,0.1196,0.1138,0.1215
Nepal,NP,NPL,Transition Pathways,Final energy,Gases,GCAM,Delayed Transition (Disorderly scenario),EJ/yr,,,,,0.0216,0.0445,0.0864,0.1086,0.0916,0.0719,0.0605
Nepal,NP,NPL,Transition Pathways,Final energy,Gases,GCAM,Fragmented World,EJ/yr,,,,,0.0252,0.0501,0.0858,0.1169,0.118,0.1214,0.1377
Nepal,NP,NPL,Transition Pathways,Final energy,Gases,GCAM,Low Demand,EJ/yr,,,,,0.0268,0.05,0.0662,0.0683,0.0546,0.0406,0.0343
Nepal,NP,NPL,Transition Pathways,Final energy,Gases,GCAM,Nationally Determined Contributions (NDCs),EJ/yr,,,,,0.0252,0.0495,0.086,0.1092,0.103,0.099,0.106
Nepal,NP,NPL,Transition Pathways,Final energy,Gases,GCAM,Net Zero 2050 (Orderly scenario),EJ/yr,,,,,0.0267,0.0514,0.0699,0.0698,0.0518,0.0364,0.028
Nepal,NP,NPL,Transition Pathways,Final energy,Gases,MESSAGEix-GLOBIOM,Below 2°C,EJ/yr,,,,,0.0088,0.0098,0.0116,0.0117,0.0135,0.0143,0.0179
Nepal,NP,NPL,Transition Pathways,Final energy,Gases,MESSAGEix-GLOBIOM,Current Policies (Hot house world scenario),EJ/yr,,,,,0.0114,0.0133,0.0149,0.0158,0.0154,0.017,0.0216
Nepal,NP,NPL,Transition Pathways,Final energy,Gases,MESSAGEix-GLOBIOM,Delayed Transition (Disorderly scenario),EJ/yr,,,,,0.0113,0.0132,0.0148,0.0145,0.0144,0.0159,0.0201
Nepal,NP,NPL,Transition Pathways,Final energy,Gases,MESSAGEix-GLOBIOM,Fragmented World,EJ/yr,,,,,0.0099,0.0116,0.0133,0.0124,0.0148,0.0156,0.0196
Nepal,NP,NPL,Transition Pathways,Final energy,Gases,MESSAGEix-GLOBIOM,Low Demand,EJ/yr,,,,,0.0208,0.0259,0.0377,0.0588,0.1359,0.1157,0.0808
Nepal,NP,NPL,Transition Pathways,Final energy,Gases,MESSAGEix-GLOBIOM,Nationally Determined Contributions (NDCs),EJ/yr,,,,,0.0119,0.0142,0.0163,0.0167,0.0153,0.0175,0.023
Nepal,NP,NPL,Transition Pathways,Final energy,Gases,MESSAGEix-GLOBIOM,Net Zero 2050 (Orderly scenario),EJ/yr,,,,,0.009,0.0099,0.0113,0.0172,0.0139,0.0162,0.0236
Nepal,NP,NPL,Transition Pathways,Final energy,Gases,REMIND-MAgPIE,Below 2°C,EJ/yr,,,,,0.0526,0.0686,0.0823,0.0942,0.1066,0.1139,0.1272
Nepal,NP,NPL,Transition Pathways,Final energy,Gases,REMIND-MAgPIE,Current Policies (Hot house world scenario),EJ/yr,,,,,0.0348,0.0458,0.06,0.0772,0.0882,0.0931,0.1074
Nepal,NP,NPL,Transition Pathways,Final energy,Gases,REMIND-MAgPIE,Delayed Transition (Disorderly scenario),EJ/yr,,,,,0.0341,0.0446,0.0584,0.0865,0.0985,0.1081,0.1199
Nepal,NP,NPL,Transition Pathways,Final energy,Gases,REMIND-MAgPIE,Fragmented World,EJ/yr,,,,,0.0415,0.0543,0.0675,0.0786,0.087,0.0925,0.106
Nepal,NP,NPL,Transition Pathways,Final energy,Gases,REMIND-MAgPIE,Low Demand,EJ/yr,,,,,0.0818,0.1129,0.1134,0.13,0.1295,0.1099,0.0761
Nepal,NP,NPL,Transition Pathways,Final energy,Gases,REMIND-MAgPIE,Nationally Determined Contributions (NDCs),EJ/yr,,,,,0.045,0.0593,0.0717,0.0835,0.0993,0.1062,0.1221
Nepal,NP,NPL,Transition Pathways,Final energy,Gases,REMIND-MAgPIE,Net Zero 2050 (Orderly scenario),EJ/yr,,,,,0.0655,0.0896,0.1083,0.1203,0.1189,0.082,0.0627
Nepal,NP,NPL,Transition Pathways,Primary energy,Geothermal,REMIND-MAgPIE,Below 2°C,EJ/yr,,,,,0.0,0.0001,0.0001,0.0003,0.0004,0.0008,0.0013
Nepal,NP,NPL,Transition Pathways,Primary energy,Geothermal,REMIND-MAgPIE,Current Policies (Hot house world scenario),EJ/yr,,,,,0.0,0.0001,0.0003,0.0002,0.0004,0.0004,0.0006
Nepal,NP,NPL,Transition Pathways,Primary energy,Geothermal,REMIND-MAgPIE,Delayed Transition (Disorderly scenario),EJ/yr,,,,,0.0,0.0001,0.0001,0.0001,0.0002,0.0005,0.001
Nepal,NP,NPL,Transition Pathways,Primary energy,Geothermal,REMIND-MAgPIE,Fragmented World,EJ/yr,,,,,0.0,0.0001,0.0001,0.0002,0.0003,0.0003,0.0005
Nepal,NP,NPL,Transition Pathways,Primary energy,Geothermal,REMIND-MAgPIE,Low Demand,EJ/yr,,,,,0.0001,0.0003,0.0007,0.001,0.0017,0.0035,0.0061
Nepal,NP,NPL,Transition Pathways,Primary energy,Geothermal,REMIND-MAgPIE,Nationally Determined Contributions (NDCs),EJ/yr,,,,,0.0,0.0001,0.0001,0.0002,0.0004,0.0004,0.0006
Nepal,NP,NPL,Transition Pathways,Primary energy,Geothermal,REMIND-MAgPIE,Net Zero 2050 (Orderly scenario),EJ/yr,,,,,0.0,0.0001,0.0001,0.0004,0.0008,0.0019,0.0037
Nepal,NP,NPL,Transition Pathways,Final energy,Heat,MESSAGEix-GLOBIOM,Below 2°C,EJ/yr,,,,,0.0002,0.0006,0.0013,0.0022,0.0025,0.0038,0.0066
Nepal,NP,NPL,Transition Pathways,Final energy,Heat,MESSAGEix-GLOBIOM,Current Policies (Hot house world scenario),EJ/yr,,,,,0.0003,0.0007,0.0014,0.0022,0.0028,0.0045,0.008
Nepal,NP,NPL,Transition Pathways,Final energy,Heat,MESSAGEix-GLOBIOM,Delayed Transition (Disorderly scenario),EJ/yr,,,,,0.0003,0.0007,0.0014,0.0023,0.0026,0.0039,0.0066
Nepal,NP,NPL,Transition Pathways,Final energy,Heat,MESSAGEix-GLOBIOM,Fragmented World,EJ/yr,,,,,0.0003,0.0007,0.0014,0.0023,0.0029,0.0043,0.0076
Nepal,NP,NPL,Transition Pathways,Final energy,Heat,MESSAGEix-GLOBIOM,Low Demand,EJ/yr,,,,,0.0002,0.0006,0.0016,0.0024,0.0029,0.0047,0.0065
Nepal,NP,NPL,Transition Pathways,Final energy,Heat,MESSAGEix-GLOBIOM,Nationally Determined Contributions (NDCs),EJ/yr,,,,,0.0003,0.0006,0.0013,0.0022,0.0027,0.0045,0.0081
Nepal,NP,NPL,Transition Pathways,Final energy,Heat,MESSAGEix-GLOBIOM,Net Zero 2050 (Orderly scenario),EJ/yr,,,,,0.0002,0.0006,0.0011,0.0019,0.0021,0.0029,0.0053
Nepal,NP,NPL,Transition Pathways,Final energy,Heat,REMIND-MAgPIE,Below 2°C,EJ/yr,,,,,0.0004,0.0009,0.0013,0.0018,0.0021,0.0027,0.004
Nepal,NP,NPL,Transition Pathways,Final energy,Heat,REMIND-MAgPIE,Current Policies (Hot house world scenario),EJ/yr,,,,,0.0004,0.0008,0.0014,0.0019,0.0027,0.004,0.0057
Nepal,NP,NPL,Transition Pathways,Final energy,Heat,REMIND-MAgPIE,Delayed Transition (Disorderly scenario),EJ/yr,,,,,0.0003,0.0006,0.001,0.0015,0.0016,0.002,0.0028
Nepal,NP,NPL,Transition Pathways,Final energy,Heat,REMIND-MAgPIE,Fragmented World,EJ/yr,,,,,0.0003,0.0006,0.001,0.0014,0.0018,0.0027,0.0039
Nepal,NP,NPL,Transition Pathways,Final energy,Heat,REMIND-MAgPIE,Low Demand,EJ/yr,,,,,0.0015,0.0029,0.0039,0.0047,0.0065,0.0101,0.0163
Nepal,NP,NPL,Transition Pathways,Final energy,Heat,REMIND-MAgPIE,Nationally Determined Contributions (NDCs),EJ/yr,,,,,0.0004,0.0008,0.0013,0.0017,0.0025,0.0038,0.0054
Nepal,NP,NPL,Transition Pathways,Final energy,Heat,REMIND-MAgPIE,Net Zero 2050 (Orderly scenario),EJ/yr,,,,,0.0007,0.0014,0.0018,0.0026,0.0044,0.0079,0.0137
Nepal,NP,NPL,Transition Pathways,Primary energy,Hydro,GCAM,Below 2°C,EJ/yr,,,,,0.0275,0.0291,0.0328,0.0396,0.048,0.0531,0.0547
Nepal,NP,NPL,Transition Pathways,Primary energy,Hydro,GCAM,Current Policies (Hot house world scenario),EJ/yr,,,,,0.0273,0.0288,0.0346,0.0455,0.0584,0.0681,0.0699
Nepal,NP,NPL,Transition Pathways,Primary energy,Hydro,GCAM,Delayed Transition (Disorderly scenario),EJ/yr,,,,,0.0274,0.029,0.0349,0.0444,0.0512,0.0552,0.055
Nepal,NP,NPL,Transition Pathways,Primary energy,Hydro,GCAM,Fragmented World,EJ/yr,,,,,0.0294,0.0328,0.0396,0.05,0.0605,0.0679,0.0696
Nepal,NP,NPL,Transition Pathways,Primary energy,Hydro,GCAM,Low Demand,EJ/yr,,,,,0.0271,0.0281,0.0284,0.0341,0.0426,0.0501,0.0527
Nepal,NP,NPL,Transition Pathways,Primary energy,Hydro,GCAM,Nationally Determined Contributions (NDCs),EJ/yr,,,,,0.0283,0.0314,0.0387,0.0492,0.0591,0.0643,0.064
Nepal,NP,NPL,Transition Pathways,Primary energy,Hydro,GCAM,Net Zero 2050 (Orderly scenario),EJ/yr,,,,,0.0267,0.0269,0.0288,0.0359,0.0454,0.0524,0.0539
Nepal,NP,NPL,Transition Pathways,Primary energy,Hydro,MESSAGEix-GLOBIOM,Below 2°C,EJ/yr,,,,,0.0171,0.0153,0.0137,0.0125,0.0113,0.0103,0.0095
Nepal,NP,NPL,Transition Pathways,Primary energy,Hydro,MESSAGEix-GLOBIOM,Current Policies (Hot house world scenario),EJ/yr,,,,,0.0167,0.0151,0.0136,0.0124,0.0121,0.0125,0.01
Nepal,NP,NPL,Transition Pathways,Primary energy,Hydro,MESSAGEix-GLOBIOM,Delayed Transition (Disorderly scenario),EJ/yr,,,,,0.0167,0.0151,0.0136,0.0124,0.0112,0.0103,0.0095
Nepal,NP,NPL,Transition Pathways,Primary energy,Hydro,MESSAGEix-GLOBIOM,Fragmented World,EJ/yr,,,,,0.0171,0.0153,0.0137,0.0125,0.0113,0.0103,0.0095
Nepal,NP,NPL,Transition Pathways,Primary energy,Hydro,MESSAGEix-GLOBIOM,Low Demand,EJ/yr,,,,,0.017,0.0152,0.0137,0.0124,0.0113,0.0106,0.0111
Nepal,NP,NPL,Transition Pathways,Primary energy,Hydro,MESSAGEix-GLOBIOM,Nationally Determined Contributions (NDCs),EJ/yr,,,,,0.0171,0.0153,0.0137,0.0125,0.0117,0.0117,0.0104
Nepal,NP,NPL,Transition Pathways,Primary energy,Hydro,MESSAGEix-GLOBIOM,Net Zero 2050 (Orderly scenario),EJ/yr,,,,,0.0171,0.0153,0.0137,0.0125,0.0113,0.0103,0.0095
Nepal,NP,NPL,Transition Pathways,Primary energy,Hydro,REMIND-MAgPIE,Below 2°C,EJ/yr,,,,,0.0202,0.0181,0.0166,0.0153,0.0141,0.0131,0.0124
Nepal,NP,NPL,Transition Pathways,Primary energy,Hydro,REMIND-MAgPIE,Current Policies (Hot house world scenario),EJ/yr,,,,,0.0203,0.0179,0.0164,0.0151,0.0139,0.013,0.0122
Nepal,NP,NPL,Transition Pathways,Primary energy,Hydro,REMIND-MAgPIE,Delayed Transition (Disorderly scenario),EJ/yr,,,,,0.0203,0.0179,0.0164,0.015,0.0137,0.0127,0.0122
Nepal,NP,NPL,Transition Pathways,Primary energy,Hydro,REMIND-MAgPIE,Fragmented World,EJ/yr,,,,,0.0202,0.0181,0.0166,0.015,0.0136,0.0126,0.0118
Nepal,NP,NPL,Transition Pathways,Primary energy,Hydro,REMIND-MAgPIE,Low Demand,EJ/yr,,,,,0.0221,0.0181,0.0173,0.0167,0.0166,0.0173,0.018
Nepal,NP,NPL,Transition Pathways,Primary energy,Hydro,REMIND-MAgPIE,Nationally Determined Contributions (NDCs),EJ/yr,,,,,0.0201,0.0181,0.0166,0.0153,0.0141,0.013,0.0123
Nepal,NP,NPL,Transition Pathways,Primary energy,Hydro,REMIND-MAgPIE,Net Zero 2050 (Orderly scenario),EJ/yr,,,,,0.02,0.0181,0.0166,0.0153,0.0141,0.0135,0.0135
Nepal,NP,NPL,Transition Pathways,Final energy,Hydrogen,GCAM,Below 2°C,EJ/yr,,,,,0.0,0.0,0.0002,0.0007,0.0014,0.0024,0.0042
Nepal,NP,NPL,Transition Pathways,Final energy,Hydrogen,GCAM,Current Policies (Hot house world scenario),EJ/yr,,,,,0.0,0.0,0.0002,0.0005,0.001,0.0016,0.0022
Nepal,NP,NPL,Transition Pathways,Final energy,Hydrogen,GCAM,Delayed Transition (Disorderly scenario),EJ/yr,,,,,0.0,0.0,0.0002,0.0005,0.0011,0.002,0.0036
Nepal,NP,NPL,Transition Pathways,Final energy,Hydrogen,GCAM,Fragmented World,EJ/yr,,,,,0.0,0.0,0.0002,0.0006,0.0012,0.0018,0.0026
Nepal,NP,NPL,Transition Pathways,Final energy,Hydrogen,GCAM,Low Demand,EJ/yr,,,,,0.0,0.0,0.0002,0.0009,0.0018,0.0039,0.0086
Nepal,NP,NPL,Transition Pathways,Final energy,Hydrogen,GCAM,Nationally Determined Contributions (NDCs),EJ/yr,,,,,0.0,0.0,0.0002,0.0006,0.0011,0.0017,0.0024
Nepal,NP,NPL,Transition Pathways,Final energy,Hydrogen,GCAM,Net Zero 2050 (Orderly scenario),EJ/yr,,,,,0.0,0.0,0.0003,0.0011,0.0022,0.0054,0.0109
Nepal,NP,NPL,Transition Pathways,Final energy,Hydrogen,MESSAGEix-GLOBIOM,Below 2°C,EJ/yr,,,,,0.0,0.0,0.0,0.0002,0.0002,0.0011,0.0024
Nepal,NP,NPL,Transition Pathways,Final energy,Hydrogen,MESSAGEix-GLOBIOM,Current Policies (Hot house world scenario),EJ/yr,,,,,0.0,0.0,0.0,0.0002,0.0002,0.0002,0.0002
Nepal,NP,NPL,Transition Pathways,Final energy,Hydrogen,MESSAGEix-GLOBIOM,Delayed Transition (Disorderly scenario),EJ/yr,,,,,0.0,0.0,0.0,0.0002,0.0012,0.0029,0.0051
Nepal,NP,NPL,Transition Pathways,Final energy,Hydrogen,MESSAGEix-GLOBIOM,Fragmented World,EJ/yr,,,,,0.0,0.0,0.0,0.0002,0.0002,0.0003,0.0003
Nepal,NP,NPL,Transition Pathways,Final energy,Hydrogen,MESSAGEix-GLOBIOM,Low Demand,EJ/yr,,,,,0.0,0.0,0.0,0.0009,0.0023,0.0056,0.0114
Nepal,NP,NPL,Transition Pathways,Final energy,Hydrogen,MESSAGEix-GLOBIOM,Nationally Determined Contributions (NDCs),EJ/yr,,,,,0.0,0.0,0.0,0.0003,0.0003,0.0003,0.0003
Nepal,NP,NPL,Transition Pathways,Final energy,Hydrogen,MESSAGEix-GLOBIOM,Net Zero 2050 (Orderly scenario),EJ/yr,,,,,0.0,0.0,0.0,0.0006,0.0019,0.0039,0.0059
Nepal,NP,NPL,Transition Pathways,Emissions and CCS,Industrial processes CCS,GCAM,Below 2°C,Mt CO2/yr,,,,,0.0,0.0,0.0,0.1232,0.3564,0.6434,0.9454
Nepal,NP,NPL,Transition Pathways,Emissions and CCS,Industrial processes CCS,GCAM,Current Policies (Hot house world scenario),Mt CO2/yr,,,,,0.0,0.0,0.0,0.0068,0.0118,0.016,0.0199
Nepal,NP,NPL,Transition Pathways,Emissions and CCS,Industrial processes CCS,GCAM,Delayed Transition (Disorderly scenario),Mt CO2/yr,,,,,0.0,0.0,0.0,0.0429,0.1982,0.4723,0.8275
Nepal,NP,NPL,Transition Pathways,Emissions and CCS,Industrial processes CCS,GCAM,Fragmented World,Mt CO2/yr,,,,,0.0,0.0,0.0,0.0069,0.0118,0.0158,0.0193
Nepal,NP,NPL,Transition Pathways,Emissions and CCS,Industrial processes CCS,GCAM,Low Demand,Mt CO2/yr,,,,,0.0,0.0,0.0,0.1342,0.3802,0.6488,0.9193
Nepal,NP,NPL,Transition Pathways,Emissions and CCS,Industrial processes CCS,GCAM,Nationally Determined Contributions (NDCs),Mt CO2/yr,,,,,0.0,0.0,0.0,0.017,0.0432,0.086,0.1644
Nepal,NP,NPL,Transition Pathways,Emissions and CCS,Industrial processes CCS,GCAM,Net Zero 2050 (Orderly scenario),Mt CO2/yr,,,,,0.0,0.0,0.0,0.2069,0.4848,0.7986,1.0549
Nepal,NP,NPL,Transition Pathways,Emissions and CCS,Industrial processes CCS,MESSAGEix-GLOBIOM,Below 2°C,Mt CO2/yr,,,,,0.0,0.0,0.0,0.0,0.1182,0.1453,0.1727
Nepal,NP,NPL,Transition Pathways,Emissions and CCS,Industrial processes CCS,MESSAGEix-GLOBIOM,Current Policies (Hot house world scenario),Mt CO2/yr,,,,,0.0,0.0,0.0,0.0,0.0,0.0,0.0
Nepal,NP,NPL,Transition Pathways,Emissions and CCS,Industrial processes CCS,MESSAGEix-GLOBIOM,Delayed Transition (Disorderly scenario),Mt CO2/yr,,,,,0.0,0.0,0.0,0.0,0.0,0.0,0.3417
Nepal,NP,NPL,Transition Pathways,Emissions and CCS,Industrial processes CCS,MESSAGEix-GLOBIOM,Fragmented World,Mt CO2/yr,,,,,0.0,0.0,0.0,0.0,0.7294,0.8919,1.0569
Nepal,NP,NPL,Transition Pathways,Emissions and CCS,Industrial processes CCS,MESSAGEix-GLOBIOM,Low Demand,Mt CO2/yr,,,,,0.0,0.0,1.2748,2.2555,3.6875,5.1832,5.974
Nepal,NP,NPL,Transition Pathways,Emissions and CCS,Industrial processes CCS,MESSAGEix-GLOBIOM,Nationally Determined Contributions (NDCs),Mt CO2/yr,,,,,0.0,0.0,0.0,0.0,0.0,0.0,0.0
Nepal,NP,NPL,Transition Pathways,Emissions and CCS,Industrial processes CCS,MESSAGEix-GLOBIOM,Net Zero 2050 (Orderly scenario),Mt CO2/yr,,,,,0.0,0.0,0.3717,0.4086,0.7137,1.8171,4.0223
Nepal,NP,NPL,Transition Pathways,Emissions and CCS,Industrial processes CCS,REMIND-MAgPIE,Below 2°C,Mt CO2/yr,,,,,0.0,0.0,0.0,0.0,0.0,0.3508,0.8275
Nepal,NP,NPL,Transition Pathways,Emissions and CCS,Industrial processes CCS,REMIND-MAgPIE,Delayed Transition (Disorderly scenario),Mt CO2/yr,,,,,0.0,0.0,0.0,0.0,0.2355,0.6823,1.1902
Nepal,NP,NPL,Transition Pathways,Emissions and CCS,Industrial processes CCS,REMIND-MAgPIE,Low Demand,Mt CO2/yr,,,,,0.0,0.0,0.0,0.3838,1.1903,2.0569,3.2489
Nepal,NP,NPL,Transition Pathways,Emissions and CCS,Industrial processes CCS,REMIND-MAgPIE,Nationally Determined Contributions (NDCs),Mt CO2/yr,,,,,0.0,0.0,0.0,0.0,0.0,0.0,0.0
Nepal,NP,NPL,Transition Pathways,Emissions and CCS,Industrial processes CCS,REMIND-MAgPIE,Net Zero 2050 (Orderly scenario),Mt CO2/yr,,,,,0.0,0.0,0.0,0.1914,0.5536,0.9714,1.2368
Nepal,NP,NPL,Transition Pathways,Final energy,Liquids,GCAM,Below 2°C,EJ/yr,,,,,0.0875,0.1079,0.0991,0.093,0.0922,0.0901,0.0824
Nepal,NP,NPL,Transition Pathways,Final energy,Liquids,GCAM,Current Policies (Hot house world scenario),EJ/yr,,,,,0.0919,0.1198,0.1209,0.1121,0.1114,0.1086,0.1195
Nepal,NP,NPL,Transition Pathways,Final energy,Liquids,GCAM,Delayed Transition (Disorderly scenario),EJ/yr,,,,,0.0925,0.1212,0.1224,0.0939,0.0928,0.0917,0.0911
Nepal,NP,NPL,Transition Pathways,Final energy,Liquids,GCAM,Fragmented World,EJ/yr,,,,,0.0839,0.1069,0.1086,0.1035,0.108,0.108,0.122
Nepal,NP,NPL,Transition Pathways,Final energy,Liquids,GCAM,Low Demand,EJ/yr,,,,,0.0913,0.1075,0.0907,0.0884,0.0885,0.063,0.0496
Nepal,NP,NPL,Transition Pathways,Final energy,Liquids,GCAM,Nationally Determined Contributions (NDCs),EJ/yr,,,,,0.0834,0.1046,0.1064,0.1006,0.1022,0.1024,0.1137
Nepal,NP,NPL,Transition Pathways,Final energy,Liquids,GCAM,Net Zero 2050 (Orderly scenario),EJ/yr,,,,,0.0967,0.1217,0.1028,0.0947,0.0878,0.0514,0.0376
Nepal,NP,NPL,Transition Pathways,Final energy,Liquids,MESSAGEix-GLOBIOM,Below 2°C,EJ/yr,,,,,0.0999,0.1284,0.1442,0.1628,0.1803,0.1956,0.2151
Nepal,NP,NPL,Transition Pathways,Final energy,Liquids,MESSAGEix-GLOBIOM,Current Policies (Hot house world scenario),EJ/yr,,,,,0.0968,0.1253,0.1407,0.1584,0.1751,0.1977,0.2334
Nepal,NP,NPL,Transition Pathways,Final energy,Liquids,MESSAGEix-GLOBIOM,Delayed Transition (Disorderly scenario),EJ/yr,,,,,0.0971,0.1262,0.142,0.1615,0.1745,0.1837,0.1978
Nepal,NP,NPL,Transition Pathways,Final energy,Liquids,MESSAGEix-GLOBIOM,Fragmented World,EJ/yr,,,,,0.0998,0.1309,0.1488,0.1733,0.1916,0.2147,0.2477
Nepal,NP,NPL,Transition Pathways,Final energy,Liquids,MESSAGEix-GLOBIOM,Low Demand,EJ/yr,,,,,0.1103,0.1546,0.2256,0.2472,0.2411,0.238,0.2357
Nepal,NP,NPL,Transition Pathways,Final energy,Liquids,MESSAGEix-GLOBIOM,Nationally Determined Contributions (NDCs),EJ/yr,,,,,0.0969,0.1253,0.1417,0.1609,0.18,0.2056,0.2486
Nepal,NP,NPL,Transition Pathways,Final energy,Liquids,MESSAGEix-GLOBIOM,Net Zero 2050 (Orderly scenario),EJ/yr,,,,,0.0989,0.1255,0.1308,0.1385,0.1407,0.1174,0.1179
Nepal,NP,NPL,Transition Pathways,Final energy,Liquids,REMIND-MAgPIE,Below 2°C,EJ/yr,,,,,0.2297,0.3245,0.4148,0.4935,0.5502,0.5536,0.5677
Nepal,NP,NPL,Transition Pathways,Final energy,Liquids,REMIND-MAgPIE,Current Policies (Hot house world scenario),EJ/yr,,,,,0.2356,0.3338,0.4089,0.4519,0.4815,0.5038,0.5544
Nepal,NP,NPL,Transition Pathways,Final energy,Liquids,REMIND-MAgPIE,Delayed Transition (Disorderly scenario),EJ/yr,,,,,0.2319,0.3286,0.4017,0.436,0.5258,0.5585,0.5776
Nepal,NP,NPL,Transition Pathways,Final energy,Liquids,REMIND-MAgPIE,Fragmented World,EJ/yr,,,,,0.2354,0.3265,0.3989,0.4441,0.4696,0.4928,0.5399
Nepal,NP,NPL,Transition Pathways,Final energy,Liquids,REMIND-MAgPIE,Low Demand,EJ/yr,,,,,0.3034,0.4517,0.5612,0.6217,0.6393,0.6192,0.6026
Nepal,NP,NPL,Transition Pathways,Final energy,Liquids,REMIND-MAgPIE,Nationally Determined Contributions (NDCs),EJ/yr,,,,,0.2317,0.3241,0.4137,0.4832,0.5396,0.5634,0.6071
Nepal,NP,NPL,Transition Pathways,Final energy,Liquids,REMIND-MAgPIE,Net Zero 2050 (Orderly scenario),EJ/yr,,,,,0.2405,0.3388,0.4497,0.5029,0.5278,0.4991,0.4978
Nepal,NP,NPL,Transition Pathways,Emissions and CCS,LULUCF CO2 emissions,GCAM,Below 2°C,Mt CO2/yr,,,,,-2.1933,-5.1843,-4.4957,-5.0994,-5.7032,-4.153,-2.6027
Nepal,NP,NPL,Transition Pathways,Emissions and CCS,LULUCF CO2 emissions,GCAM,Current Policies (Hot house world scenario),Mt CO2/yr,,,,,-2.1933,-5.6855,-5.4982,-6.8382,-8.1782,-6.9725,-5.7669
Nepal,NP,NPL,Transition Pathways,Emissions and CCS,LULUCF CO2 emissions,GCAM,Delayed Transition (Disorderly scenario),Mt CO2/yr,,,,,-2.1933,-4.9023,-3.9316,-4.7073,-5.4831,-4.1048,-2.7265
Nepal,NP,NPL,Transition Pathways,Emissions and CCS,LULUCF CO2 emissions,GCAM,Fragmented World,Mt CO2/yr,,,,,-2.1933,-5.1764,-4.4799,-5.5868,-6.6938,-6.2733,-5.8529
Nepal,NP,NPL,Transition Pathways,Emissions and CCS,LULUCF CO2 emissions,GCAM,Low Demand,Mt CO2/yr,,,,,-2.1933,-4.4608,-3.0487,-2.1457,-1.2427,-0.3397,0.5632
Nepal,NP,NPL,Transition Pathways,Emissions and CCS,LULUCF CO2 emissions,GCAM,Nationally Determined Contributions (NDCs),Mt CO2/yr,,,,,-2.1933,-5.2626,-4.6522,-5.5692,-6.4863,-5.8759,-5.2656
Nepal,NP,NPL,Transition Pathways,Emissions and CCS,LULUCF CO2 emissions,GCAM,Net Zero 2050 (Orderly scenario),Mt CO2/yr,,,,,-2.1933,-4.4673,-3.0616,-2.1651,-1.2685,-0.372,0.5246
Nepal,NP,NPL,Transition Pathways,Emissions and CCS,LULUCF CO2 emissions,MESSAGEix-GLOBIOM,Below 2°C,Mt CO2/yr,,,,,-2.1933,-6.4318,-7.1036,-7.9938,-8.8394,-7.5919,-6.3211
Nepal,NP,NPL,Transition Pathways,Emissions and CCS,LULUCF CO2 emissions,MESSAGEix-GLOBIOM,Current Policies (Hot house world scenario),Mt CO2/yr,,,,,-2.1933,-7.2904,-8.6739,-10.6491,-12.5652,-11.8613,-11.1935
Nepal,NP,NPL,Transition Pathways,Emissions and CCS,LULUCF CO2 emissions,MESSAGEix-GLOBIOM,Delayed Transition (Disorderly scenario),Mt CO2/yr,,,,,-2.1933,-6.5072,-7.1073,-8.1563,-9.0887,-7.7633,-6.4919
Nepal,NP,NPL,Transition Pathways,Emissions and CCS,LULUCF CO2 emissions,MESSAGEix-GLOBIOM,Fragmented World,Mt CO2/yr,,,,,-2.1933,-6.7813,-7.6556,-9.2003,-10.6485,-10.4428,-10.2439
Nepal,NP,NPL,Transition Pathways,Emissions and CCS,LULUCF CO2 emissions,MESSAGEix-GLOBIOM,Low Demand,Mt CO2/yr,,,,,-2.1933,-5.6877,-5.6521,-5.0718,-4.4596,-3.9044,-3.3261
Nepal,NP,NPL,Transition Pathways,Emissions and CCS,LULUCF CO2 emissions,MESSAGEix-GLOBIOM,Nationally Determined Contributions (NDCs),Mt CO2/yr,,,,,-2.1933,-6.706,-7.539,-8.9449,-10.3187,-10.216,-10.0882
Nepal,NP,NPL,Transition Pathways,Emissions and CCS,LULUCF CO2 emissions,MESSAGEix-GLOBIOM,Net Zero 2050 (Orderly scenario),Mt CO2/yr,,,,,-2.1933,-5.6877,-5.7519,-5.4992,-5.3663,-4.9792,-4.3938
Nepal,NP,NPL,Transition Pathways,Emissions and CCS,LULUCF CO2 emissions,REMIND-MAgPIE,Below 2°C,Mt CO2/yr,,,,,-2.1933,-5.0781,-4.0911,-5.2534,-5.4081,-3.3375,-1.2727
Nepal,NP,NPL,Transition Pathways,Emissions and CCS,LULUCF CO2 emissions,REMIND-MAgPIE,Current Policies (Hot house world scenario),Mt CO2/yr,,,,,-2.1933,-5.3822,-4.7097,-5.6004,-6.6272,-4.8282,-2.6054
Nepal,NP,NPL,Transition Pathways,Emissions and CCS,LULUCF CO2 emissions,REMIND-MAgPIE,Delayed Transition (Disorderly scenario),Mt CO2/yr,,,,,-2.1933,-4.5989,-3.1431,-5.3336,-5.4952,-3.3901,-1.2566
Nepal,NP,NPL,Transition Pathways,Emissions and CCS,LULUCF CO2 emissions,REMIND-MAgPIE,Fragmented World,Mt CO2/yr,,,,,-2.1933,-4.8731,-3.6914,-5.1494,-5.5032,-4.5378,-3.7645
Nepal,NP,NPL,Transition Pathways,Emissions and CCS,LULUCF CO2 emissions,REMIND-MAgPIE,Low Demand,Mt CO2/yr,,,,,-2.1933,-4.481,-2.9122,-2.9802,-1.8425,-0.5232,0.735
Nepal,NP,NPL,Transition Pathways,Emissions and CCS,LULUCF CO2 emissions,REMIND-MAgPIE,Nationally Determined Contributions (NDCs),Mt CO2/yr,,,,,-2.1933,-5.2584,-4.3318,-4.8366,-5.4015,-4.5348,-3.6223
Nepal,NP,NPL,Transition Pathways,Emissions and CCS,LULUCF CO2 emissions,REMIND-MAgPIE,Net Zero 2050 (Orderly scenario),Mt CO2/yr,,,,,-2.1933,-4.405,-2.8463,-3.084,-1.9982,-0.7142,0.8164
Nepal,NP,NPL,Transition Pathways,Primary energy,Nuclear,MESSAGEix-GLOBIOM,Below 2°C,EJ/yr,,,,,0.0,0.0,0.0,0.0001,0.0002,0.0005,0.0012
Nepal,NP,NPL,Transition Pathways,Primary energy,Nuclear,MESSAGEix-GLOBIOM,Current Policies (Hot house world scenario),EJ/yr,,,,,0.0,0.0,0.0001,0.0001,0.0001,0.0001,0.0001
Nepal,NP,NPL,Transition Pathways,Primary energy,Nuclear,MESSAGEix-GLOBIOM,Delayed Transition (Disorderly scenario),EJ/yr,,,,,0.0,0.0,0.0001,0.0001,0.0001,0.0003,0.0007
Nepal,NP,NPL,Transition Pathways,Primary energy,Nuclear,MESSAGEix-GLOBIOM,Fragmented World,EJ/yr,,,,,0.0,0.0,0.0,0.0,0.0001,0.0002,0.0004
Nepal,NP,NPL,Transition Pathways,Primary energy,Nuclear,MESSAGEix-GLOBIOM,Low Demand,EJ/yr,,,,,0.0,0.0001,0.0002,0.0004,0.0009,0.0013,0.0018
Nepal,NP,NPL,Transition Pathways,Primary energy,Nuclear,MESSAGEix-GLOBIOM,Nationally Determined Contributions (NDCs),EJ/yr,,,,,0.0,0.0,0.0,0.0001,0.0001,0.0001,0.0001
Nepal,NP,NPL,Transition Pathways,Primary energy,Nuclear,MESSAGEix-GLOBIOM,Net Zero 2050 (Orderly scenario),EJ/yr,,,,,0.0,0.0,0.0001,0.0002,0.0004,0.0008,0.0019
Nepal,NP,NPL,Transition Pathways,Primary energy,Nuclear,REMIND-MAgPIE,Below 2°C,EJ/yr,,,,,0.0001,0.0001,0.0002,0.0004,0.0006,0.0008,0.001
Nepal,NP,NPL,Transition Pathways,Primary energy,Nuclear,REMIND-MAgPIE,Current Policies (Hot house world scenario),EJ/yr,,,,,0.0001,0.0002,0.0003,0.0005,0.0006,0.0008,0.001
Nepal,NP,NPL,Transition Pathways,Primary energy,Nuclear,REMIND-MAgPIE,Delayed Transition (Disorderly scenario),EJ/yr,,,,,0.0001,0.0002,0.0003,0.0003,0.0004,0.0006,0.0008
Nepal,NP,NPL,Transition Pathways,Primary energy,Nuclear,REMIND-MAgPIE,Fragmented World,EJ/yr,,,,,0.0001,0.0002,0.0003,0.0004,0.0005,0.0007,0.0008
Nepal,NP,NPL,Transition Pathways,Primary energy,Nuclear,REMIND-MAgPIE,Low Demand,EJ/yr,,,,,0.0004,0.0006,0.0009,0.0014,0.002,0.0029,0.0038
Nepal,NP,NPL,Transition Pathways,Primary energy,Nuclear,REMIND-MAgPIE,Nationally Determined Contributions (NDCs),EJ/yr,,,,,0.0001,0.0002,0.0003,0.0005,0.0006,0.0008,0.001
Nepal,NP,NPL,Transition Pathways,Primary energy,Nuclear,REMIND-MAgPIE,Net Zero 2050 (Orderly scenario),EJ/yr,,,,,0.0001,0.0002,0.0003,0.0005,0.0009,0.0016,0.0024
Nepal,NP,NPL,Transition Pathways,Primary energy,Oil,GCAM,Below 2°C,EJ/yr,,,,,0.2112,0.2363,0.1983,0.1734,0.1653,0.1651,0.1517
Nepal,NP,NPL,Transition Pathways,Primary energy,Oil,GCAM,Current Policies (Hot house world scenario),EJ/yr,,,,,0.2338,0.2724,0.2453,0.2068,0.1849,0.1637,0.1584
Nepal,NP,NPL,Transition Pathways,Primary energy,Oil,GCAM,Delayed Transition (Disorderly scenario),EJ/yr,,,,,0.2343,0.2736,0.2466,0.1719,0.1632,0.1622,0.1642
Nepal,NP,NPL,Transition Pathways,Primary energy,Oil,GCAM,Fragmented World,EJ/yr,,,,,0.2196,0.2464,0.2233,0.1917,0.1794,0.163,0.1622
Nepal,NP,NPL,Transition Pathways,Primary energy,Oil,GCAM,Low Demand,EJ/yr,,,,,0.2139,0.2284,0.1763,0.1606,0.1618,0.1275,0.1035
Nepal,NP,NPL,Transition Pathways,Primary energy,Oil,GCAM,Nationally Determined Contributions (NDCs),EJ/yr,,,,,0.217,0.2408,0.2189,0.1869,0.172,0.1583,0.1584
Nepal,NP,NPL,Transition Pathways,Primary energy,Oil,GCAM,Net Zero 2050 (Orderly scenario),EJ/yr,,,,,0.2213,0.2514,0.1994,0.184,0.1862,0.1256,0.094
Nepal,NP,NPL,Transition Pathways,Primary energy,Oil,MESSAGEix-GLOBIOM,Below 2°C,EJ/yr,,,,,0.1946,0.2103,0.2136,0.229,0.236,0.2322,0.2394
Nepal,NP,NPL,Transition Pathways,Primary energy,Oil,MESSAGEix-GLOBIOM,Current Policies (Hot house world scenario),EJ/yr,,,,,0.1792,0.1808,0.1643,0.1746,0.1801,0.1889,0.2071
Nepal,NP,NPL,Transition Pathways,Primary energy,Oil,MESSAGEix-GLOBIOM,Delayed Transition (Disorderly scenario),EJ/yr,,,,,0.1791,0.1808,0.1643,0.246,0.2357,0.2079,0.1958
Nepal,NP,NPL,Transition Pathways,Primary energy,Oil,MESSAGEix-GLOBIOM,Fragmented World,EJ/yr,,,,,0.1883,0.1961,0.1821,0.2103,0.2125,0.2176,0.2344
Nepal,NP,NPL,Transition Pathways,Primary energy,Oil,MESSAGEix-GLOBIOM,Low Demand,EJ/yr,,,,,0.209,0.2455,0.292,0.2625,0.2294,0.2048,0.1759
Nepal,NP,NPL,Transition Pathways,Primary energy,Oil,MESSAGEix-GLOBIOM,Nationally Determined Contributions (NDCs),EJ/yr,,,,,0.1787,0.1942,0.2002,0.206,0.2077,0.2143,0.2351
Nepal,NP,NPL,Transition Pathways,Primary energy,Oil,MESSAGEix-GLOBIOM,Net Zero 2050 (Orderly scenario),EJ/yr,,,,,0.1905,0.2051,0.1714,0.1515,0.1425,0.1045,0.0781
Nepal,NP,NPL,Transition Pathways,Primary energy,Oil,REMIND-MAgPIE,Below 2°C,EJ/yr,,,,,0.2897,0.3702,0.4535,0.541,0.6274,0.6736,0.7077
Nepal,NP,NPL,Transition Pathways,Primary energy,Oil,REMIND-MAgPIE,Current Policies (Hot house world scenario),EJ/yr,,,,,0.3056,0.3973,0.4751,0.5322,0.5872,0.6298,0.6915
Nepal,NP,NPL,Transition Pathways,Primary energy,Oil,REMIND-MAgPIE,Delayed Transition (Disorderly scenario),EJ/yr,,,,,0.305,0.3962,0.4734,0.5318,0.6611,0.7462,0.772
Nepal,NP,NPL,Transition Pathways,Primary energy,Oil,REMIND-MAgPIE,Fragmented World,EJ/yr,,,,,0.2986,0.3828,0.4575,0.5297,0.6011,0.6672,0.746
Nepal,NP,NPL,Transition Pathways,Primary energy,Oil,REMIND-MAgPIE,Low Demand,EJ/yr,,,,,0.3281,0.4403,0.5503,0.6462,0.7364,0.7765,0.8025
Nepal,NP,NPL,Transition Pathways,Primary energy,Oil,REMIND-MAgPIE,Nationally Determined Contributions (NDCs),EJ/yr,,,,,0.2922,0.3828,0.4742,0.5578,0.64,0.6898,0.7446
Nepal,NP,NPL,Transition Pathways,Primary energy,Oil,REMIND-MAgPIE,Net Zero 2050 (Orderly scenario),EJ/yr,,,,,0.2968,0.3875,0.4866,0.5601,0.6353,0.623,0.5311
Nepal,NP,NPL,Transition Pathways,Carbon price,Price: Carbon,GCAM,Below 2°C,US$2010/t CO2,,,,,0.0,13.3835,66.0397,141.6786,206.9735,285.4906,387.2225
Nepal,NP,NPL,Transition Pathways,Carbon price,Price: Carbon,GCAM,Current Policies (Hot house world scenario),US$2010/t CO2,,,,,0.0,0.0,0.0,0.0,0.0,0.0,0.0
Nepal,NP,NPL,Transition Pathways,Carbon price,Price: Carbon,GCAM,Delayed Transition (Disorderly scenario),US$2010/t CO2,,,,,0.0,0.0,0.0,74.7023,145.5809,227.2169,323.7008
Nepal,NP,NPL,Transition Pathways,Carbon price,Price: Carbon,GCAM,Fragmented World,US$2010/t CO2,,,,,0.0,0.0,0.0,0.0,0.0,0.0,0.0
Nepal,NP,NPL,Transition Pathways,Carbon price,Price: Carbon,GCAM,Low Demand,US$2010/t CO2,,,,,0.0,0.0,70.8755,181.3064,300.7883,548.1698,688.8729
Nepal,NP,NPL,Transition Pathways,Carbon price,Price: Carbon,GCAM,Nationally Determined Contributions (NDCs),US$2010/t CO2,,,,,0.0,3.585,5.034,21.707,36.3218,55.5519,73.775
Nepal,NP,NPL,Transition Pathways,Carbon price,Price: Carbon,GCAM,Net Zero 2050 (Orderly scenario),US$2010/t CO2,,,,,0.0,19.3137,142.1945,281.177,448.0665,768.9933,938.136
Nepal,NP,NPL,Transition Pathways,Carbon price,Price: Carbon,MESSAGEix-GLOBIOM,Below 2°C,US$2010/t CO2,,,,,0.0,0.0,42.2876,56.6025,73.6487,93.2858,114.0307
Nepal,NP,NPL,Transition Pathways,Carbon price,Price: Carbon,MESSAGEix-GLOBIOM,Current Policies (Hot house world scenario),US$2010/t CO2,,,,,0.0,0.0,0.0,2.1579,4.3159,6.4738,8.6317
Nepal,NP,NPL,Transition Pathways,Carbon price,Price: Carbon,MESSAGEix-GLOBIOM,Delayed Transition (Disorderly scenario),US$2010/t CO2,,,,,0.0,0.0,0.0,79.0991,95.4954,128.4225,157.5344
Nepal,NP,NPL,Transition Pathways,Carbon price,Price: Carbon,MESSAGEix-GLOBIOM,Fragmented World,US$2010/t CO2,,,,,0.0,0.0,0.0,22.9723,35.7635,56.18,85.6236
Nepal,NP,NPL,Transition Pathways,Carbon price,Price: Carbon,MESSAGEix-GLOBIOM,Low Demand,US$2010/t CO2,,,,,0.0,0.0,217.2788,267.6267,340.7935,453.9782,544.7084
Nepal,NP,NPL,Transition Pathways,Carbon price,Price: Carbon,MESSAGEix-GLOBIOM,Nationally Determined Contributions (NDCs),US$2010/t CO2,,,,,0.0,0.0,0.0,7.9757,15.9515,23.9272,31.9029
Nepal,NP,NPL,Transition Pathways,Carbon price,Price: Carbon,MESSAGEix-GLOBIOM,Net Zero 2050 (Orderly scenario),US$2010/t CO2,,,,,0.0,0.0,689.8968,691.1356,808.4434,1046.3668,1275.5484
Nepal,NP,NPL,Transition Pathways,Carbon price,Price: Carbon,REMIND-MAgPIE,Below 2°C,US$2010/t CO2,,,,,5.5386,24.7794,35.2046,49.4237,69.0583,95.7336,131.0753
Nepal,NP,NPL,Transition Pathways,Carbon price,Price: Carbon,REMIND-MAgPIE,Current Policies (Hot house world scenario),US$2010/t CO2,,,,,5.5386,5.5608,5.6304,5.7514,5.9292,6.1691,6.4767
Nepal,NP,NPL,Transition Pathways,Carbon price,Price: Carbon,REMIND-MAgPIE,Delayed Transition (Disorderly scenario),US$2010/t CO2,,,,,5.5386,5.5608,5.6304,61.0496,85.2954,118.2412,161.8932
Nepal,NP,NPL,Transition Pathways,Carbon price,Price: Carbon,REMIND-MAgPIE,Fragmented World,US$2010/t CO2,,,,,5.5386,5.5608,5.6304,12.2422,12.3514,12.6324,13.0506
Nepal,NP,NPL,Transition Pathways,Carbon price,Price: Carbon,REMIND-MAgPIE,Low Demand,US$2010/t CO2,,,,,5.5386,58.9333,83.7245,117.5405,164.2349,227.6722,311.7146
Nepal,NP,NPL,Transition Pathways,Carbon price,Price: Carbon,REMIND-MAgPIE,Nationally Determined Contributions (NDCs),US$2010/t CO2,,,,,5.5386,15.7226,25.9075,28.4737,31.2809,34.3528,37.7123
Nepal,NP,NPL,Transition Pathways,Carbon price,Price: Carbon,REMIND-MAgPIE,Net Zero 2050 (Orderly scenario),US$2010/t CO2,,,,,5.5386,99.5255,141.393,198.495,277.3569,384.4971,526.4279
Nepal,NP,NPL,Transition Pathways,Energy prices,Price: Coal,GCAM,Below 2°C,US$2010/GJ,,,,,2.0793,2.3174,2.4297,2.4712,2.5187,2.6845,2.8917
Nepal,NP,NPL,Transition Pathways,Energy prices,Price: Coal,GCAM,Current Policies (Hot house world scenario),US$2010/GJ,,,,,2.0793,2.1531,2.2262,2.2806,2.3023,2.3211,2.3314
Nepal,NP,NPL,Transition Pathways,Energy prices,Price: Coal,GCAM,Delayed Transition (Disorderly scenario),US$2010/GJ,,,,,2.0793,2.1531,2.2262,2.471,2.4676,2.664,3.1552
Nepal,NP,NPL,Transition Pathways,Energy prices,Price: Coal,GCAM,Fragmented World,US$2010/GJ,,,,,2.0793,2.1531,2.2262,2.2814,2.2338,2.2607,2.269
Nepal,NP,NPL,Transition Pathways,Energy prices,Price: Coal,GCAM,Low Demand,US$2010/GJ,,,,,2.0793,2.2895,2.3625,2.417,2.5561,3.1428,3.438
Nepal,NP,NPL,Transition Pathways,Energy prices,Price: Coal,GCAM,Nationally Determined Contributions (NDCs),US$2010/GJ,,,,,2.0793,2.1164,2.1069,2.1727,2.1771,2.1819,2.1789
Nepal,NP,NPL,Transition Pathways,Energy prices,Price: Coal,GCAM,Net Zero 2050 (Orderly scenario),US$2010/GJ,,,,,2.0793,2.3019,2.4057,2.5654,2.897,3.513,3.8917
Nepal,NP,NPL,Transition Pathways,Energy prices,Price: Coal,MESSAGEix-GLOBIOM,Below 2°C,US$2010/GJ,,,,,2.6053,2.5016,1.3406,1.8151,2.4009,1.6586,2.6432
Nepal,NP,NPL,Transition Pathways,Energy prices,Price: Coal,MESSAGEix-GLOBIOM,Current Policies (Hot house world scenario),US$2010/GJ,,,,,2.6053,2.5167,2.2964,2.4713,2.7042,2.2857,2.4873
Nepal,NP,NPL,Transition Pathways,Energy prices,Price: Coal,MESSAGEix-GLOBIOM,Delayed Transition (Disorderly scenario),US$2010/GJ,,,,,2.6053,2.5167,2.2964,2.1439,1.5619,2.1686,3.5043
Nepal,NP,NPL,Transition Pathways,Energy prices,Price: Coal,MESSAGEix-GLOBIOM,Fragmented World,US$2010/GJ,,,,,2.6053,2.5167,2.2964,2.0829,2.3025,2.2812,2.5424
Nepal,NP,NPL,Transition Pathways,Energy prices,Price: Coal,MESSAGEix-GLOBIOM,Low Demand,US$2010/GJ,,,,,2.6053,2.5016,-7.3743,1.1966,4.5524,4.7466,6.3019
Nepal,NP,NPL,Transition Pathways,Energy prices,Price: Coal,MESSAGEix-GLOBIOM,Nationally Determined Contributions (NDCs),US$2010/GJ,,,,,2.6053,2.5016,2.2883,2.2909,2.0211,2.0156,2.1714
Nepal,NP,NPL,Transition Pathways,Energy prices,Price: Coal,MESSAGEix-GLOBIOM,Net Zero 2050 (Orderly scenario),US$2010/GJ,,,,,2.6053,2.5016,-24.6789,3.6363,7.2128,9.118,10.4336
Nepal,NP,NPL,Transition Pathways,Energy prices,Price: Coal,REMIND-MAgPIE,Below 2°C,US$2010/GJ,,,,,2.0344,2.161,1.7827,1.6152,1.4186,1.4234,1.4937
Nepal,NP,NPL,Transition Pathways,Energy prices,Price: Coal,REMIND-MAgPIE,Current Policies (Hot house world scenario),US$2010/GJ,,,,,2.0344,2.2228,2.2627,2.307,2.3841,2.4996,2.7928
Nepal,NP,NPL,Transition Pathways,Energy prices,Price: Coal,REMIND-MAgPIE,Delayed Transition (Disorderly scenario),US$2010/GJ,,,,,2.0344,2.2228,2.2627,2.2998,1.8855,1.4268,1.4782
Nepal,NP,NPL,Transition Pathways,Energy prices,Price: Coal,REMIND-MAgPIE,Fragmented World,US$2010/GJ,,,,,2.0344,2.2228,2.2627,2.2464,2.1067,2.0358,2.4772
Nepal,NP,NPL,Transition Pathways,Energy prices,Price: Coal,REMIND-MAgPIE,Low Demand,US$2010/GJ,,,,,2.0344,2.3285,1.6288,1.2207,1.2602,1.1936,1.557
Nepal,NP,NPL,Transition Pathways,Energy prices,Price: Coal,REMIND-MAgPIE,Nationally Determined Contributions (NDCs),US$2010/GJ,,,,,2.0344,2.1324,2.088,2.0799,1.9486,1.8346,1.9253
Nepal,NP,NPL,Transition Pathways,Energy prices,Price: Coal,REMIND-MAgPIE,Net Zero 2050 (Orderly scenario),US$2010/GJ,,,,,2.0344,2.6167,1.7773,1.444,1.3735,1.4422,1.7394
Nepal,NP,NPL,Transition Pathways,Energy prices,Price: Gas,GCAM,Below 2°C,US$2010/GJ,,,,,5.9927,6.7622,6.8695,7.2023,7.86,8.1316,8.3792
Nepal,NP,NPL,Transition Pathways,Energy prices,Price: Gas,GCAM,Current Policies (Hot house world scenario),US$2010/GJ,,,,,5.9927,6.5648,6.5631,6.9269,7.2235,7.2582,7.3019
Nepal,NP,NPL,Transition Pathways,Energy prices,Price: Gas,GCAM,Delayed Transition (Disorderly scenario),US$2010/GJ,,,,,5.9926,6.5648,6.5631,7.1056,7.7065,8.0118,8.3622
Nepal,NP,NPL,Transition Pathways,Energy prices,Price: Gas,GCAM,Fragmented World,US$2010/GJ,,,,,5.9927,6.5648,6.5631,6.9696,7.2595,7.2746,7.2486
Nepal,NP,NPL,Transition Pathways,Energy prices,Price: Gas,GCAM,Low Demand,US$2010/GJ,,,,,5.9927,6.6068,6.438,7.0186,7.8676,8.7712,9.0869
Nepal,NP,NPL,Transition Pathways,Energy prices,Price: Gas,GCAM,Nationally Determined Contributions (NDCs),US$2010/GJ,,,,,5.9927,6.5559,6.5698,6.8773,7.1554,7.1183,7.0307
Nepal,NP,NPL,Transition Pathways,Energy prices,Price: Gas,GCAM,Net Zero 2050 (Orderly scenario),US$2010/GJ,,,,,5.9927,6.7602,7.0009,7.7171,8.6295,9.6934,10.0857
Nepal,NP,NPL,Transition Pathways,Energy prices,Price: Gas,MESSAGEix-GLOBIOM,Below 2°C,US$2010/GJ,,,,,3.7279,4.2724,5.5409,6.4099,6.9373,6.4146,7.2782
Nepal,NP,NPL,Transition Pathways,Energy prices,Price: Gas,MESSAGEix-GLOBIOM,Current Policies (Hot house world scenario),US$2010/GJ,,,,,3.7279,4.34,4.2757,5.3258,6.0096,6.723,7.2536
Nepal,NP,NPL,Transition Pathways,Energy prices,Price: Gas,MESSAGEix-GLOBIOM,Delayed Transition (Disorderly scenario),US$2010/GJ,,,,,3.7279,4.34,4.2757,7.911,7.1111,5.5458,6.5487
Nepal,NP,NPL,Transition Pathways,Energy prices,Price: Gas,MESSAGEix-GLOBIOM,Fragmented World,US$2010/GJ,,,,,3.7279,4.34,4.2757,6.2277,6.6028,7.4636,7.3907
Nepal,NP,NPL,Transition Pathways,Energy prices,Price: Gas,MESSAGEix-GLOBIOM,Low Demand,US$2010/GJ,,,,,3.7279,4.2724,7.1164,0.6697,5.2051,7.0088,5.0749
Nepal,NP,NPL,Transition Pathways,Energy prices,Price: Gas,MESSAGEix-GLOBIOM,Nationally Determined Contributions (NDCs),US$2010/GJ,,,,,3.7279,4.2724,4.2873,5.4878,6.5983,6.5564,7.0095
Nepal,NP,NPL,Transition Pathways,Energy prices,Price: Gas,MESSAGEix-GLOBIOM,Net Zero 2050 (Orderly scenario),US$2010/GJ,,,,,3.7279,4.2724,16.7576,-4.0064,5.3091,3.7465,11.093
Nepal,NP,NPL,Transition Pathways,Energy prices,Price: Gas,REMIND-MAgPIE,Below 2°C,US$2010/GJ,,,,,3.9711,4.5987,4.4679,5.2041,5.1447,4.8653,4.9049
Nepal,NP,NPL,Transition Pathways,Energy prices,Price: Gas,REMIND-MAgPIE,Current Policies (Hot house world scenario),US$2010/GJ,,,,,3.9711,4.6647,4.6303,5.0297,5.2841,5.5602,5.7592
Nepal,NP,NPL,Transition Pathways,Energy prices,Price: Gas,REMIND-MAgPIE,Delayed Transition (Disorderly scenario),US$2010/GJ,,,,,3.9711,4.6647,4.6303,5.7319,5.3499,4.7767,4.1935
Nepal,NP,NPL,Transition Pathways,Energy prices,Price: Gas,REMIND-MAgPIE,Fragmented World,US$2010/GJ,,,,,3.9711,4.6647,4.6303,4.854,5.2447,5.5672,5.6393
Nepal,NP,NPL,Transition Pathways,Energy prices,Price: Gas,REMIND-MAgPIE,Low Demand,US$2010/GJ,,,,,3.9711,4.6568,4.3352,5.2357,4.7106,4.1262,4.1033
Nepal,NP,NPL,Transition Pathways,Energy prices,Price: Gas,REMIND-MAgPIE,Nationally Determined Contributions (NDCs),US$2010/GJ,,,,,3.9711,4.541,4.3304,4.7696,5.0737,5.4085,5.3735
Nepal,NP,NPL,Transition Pathways,Energy prices,Price: Gas,REMIND-MAgPIE,Net Zero 2050 (Orderly scenario),US$2010/GJ,,,,,3.9711,5.1474,5.5306,5.9206,5.9116,4.9651,4.4127
Nepal,NP,NPL,Transition Pathways,Energy prices,Price: Oil,GCAM,Below 2°C,US$2010/GJ,,,,,15.0223,15.602,15.997,16.1666,16.25,16.4655,16.354
Nepal,NP,NPL,Transition Pathways,Energy prices,Price: Oil,GCAM,Current Policies (Hot house world scenario),US$2010/GJ,,,,,15.0223,15.3121,15.502,15.6615,15.7832,15.8518,15.6449
Nepal,NP,NPL,Transition Pathways,Energy prices,Price: Oil,GCAM,Delayed Transition (Disorderly scenario),US$2010/GJ,,,,,15.0224,15.3121,15.5021,16.093,16.2719,16.2051,15.9001
Nepal,NP,NPL,Transition Pathways,Energy prices,Price: Oil,GCAM,Fragmented World,US$2010/GJ,,,,,15.0223,15.3121,15.502,15.8315,15.8711,15.7892,15.263
Nepal,NP,NPL,Transition Pathways,Energy prices,Price: Oil,GCAM,Low Demand,US$2010/GJ,,,,,15.0223,15.28,15.3545,15.3464,15.485,16.3602,16.47
Nepal,NP,NPL,Transition Pathways,Energy prices,Price: Oil,GCAM,Nationally Determined Contributions (NDCs),US$2010/GJ,,,,,15.0223,15.314,15.4697,15.61,15.8194,15.9535,15.8355
Nepal,NP,NPL,Transition Pathways,Energy prices,Price: Oil,GCAM,Net Zero 2050 (Orderly scenario),US$2010/GJ,,,,,15.0223,15.6324,16.1403,16.2997,16.556,17.9176,18.1384
Nepal,NP,NPL,Transition Pathways,Energy prices,Price: Oil,MESSAGEix-GLOBIOM,Below 2°C,US$2010/GJ,,,,,2.5589,3.6745,3.6179,4.0568,4.0954,4.5143,4.8236
Nepal,NP,NPL,Transition Pathways,Energy prices,Price: Oil,MESSAGEix-GLOBIOM,Current Policies (Hot house world scenario),US$2010/GJ,,,,,2.5589,3.6772,3.9971,4.3765,4.7144,5.0861,5.385
Nepal,NP,NPL,Transition Pathways,Energy prices,Price: Oil,MESSAGEix-GLOBIOM,Delayed Transition (Disorderly scenario),US$2010/GJ,,,,,2.5589,3.6772,3.9971,4.2235,4.0805,4.7634,4.3801
Nepal,NP,NPL,Transition Pathways,Energy prices,Price: Oil,MESSAGEix-GLOBIOM,Fragmented World,US$2010/GJ,,,,,2.5589,3.6772,3.9971,4.4388,4.3895,4.8662,5.7964
Nepal,NP,NPL,Transition Pathways,Energy prices,Price: Oil,MESSAGEix-GLOBIOM,Low Demand,US$2010/GJ,,,,,2.5589,3.6745,3.2217,3.8138,4.5752,7.2462,2.6796
Nepal,NP,NPL,Transition Pathways,Energy prices,Price: Oil,MESSAGEix-GLOBIOM,Nationally Determined Contributions (NDCs),US$2010/GJ,,,,,2.5589,3.6745,4.011,4.3389,4.4139,4.8986,5.395
Nepal,NP,NPL,Transition Pathways,Energy prices,Price: Oil,MESSAGEix-GLOBIOM,Net Zero 2050 (Orderly scenario),US$2010/GJ,,,,,2.5589,3.6745,5.2774,4.9289,9.5201,3.5549,5.1707
Nepal,NP,NPL,Transition Pathways,Energy prices,Price: Oil,REMIND-MAgPIE,Below 2°C,US$2010/GJ,,,,,11.1918,12.3944,13.1936,13.1533,14.3813,15.7881,17.0372
Nepal,NP,NPL,Transition Pathways,Energy prices,Price: Oil,REMIND-MAgPIE,Current Policies (Hot house world scenario),US$2010/GJ,,,,,11.1918,12.923,13.7395,14.0862,15.7503,17.553,19.4513
Nepal,NP,NPL,Transition Pathways,Energy prices,Price: Oil,REMIND-MAgPIE,Delayed Transition (Disorderly scenario),US$2010/GJ,,,,,11.1918,12.923,13.7395,13.6337,14.3796,15.898,17.1657
Nepal,NP,NPL,Transition Pathways,Energy prices,Price: Oil,REMIND-MAgPIE,Fragmented World,US$2010/GJ,,,,,11.1918,12.923,13.7395,13.8446,15.3055,17.0406,18.6781
Nepal,NP,NPL,Transition Pathways,Energy prices,Price: Oil,REMIND-MAgPIE,Low Demand,US$2010/GJ,,,,,11.1918,11.7366,11.065,11.3465,12.1038,12.9514,13.7653
Nepal,NP,NPL,Transition Pathways,Energy prices,Price: Oil,REMIND-MAgPIE,Nationally Determined Contributions (NDCs),US$2010/GJ,,,,,11.1918,12.8033,13.4785,13.705,15.3123,17.1199,18.7941
Nepal,NP,NPL,Transition Pathways,Energy prices,Price: Oil,REMIND-MAgPIE,Net Zero 2050 (Orderly scenario),US$2010/GJ,,,,,11.1918,12.1243,12.6335,12.2863,12.9663,13.827,14.5051
Nepal,NP,NPL,Transition Pathways,Primary energy,Solar,GCAM,Below 2°C,EJ/yr,,,,,0.0016,0.019,0.0363,0.0624,0.1052,0.1531,0.19
Nepal,NP,NPL,Transition Pathways,Primary energy,Solar,GCAM,Current Policies (Hot house world scenario),EJ/yr,,,,,0.0011,0.0139,0.0277,0.0469,0.0796,0.1215,0.135
Nepal,NP,NPL,Transition Pathways,Primary energy,Solar,GCAM,Delayed Transition (Disorderly scenario),EJ/yr,,,,,0.0012,0.0148,0.0292,0.0547,0.0949,0.1451,0.1836
Nepal,NP,NPL,Transition Pathways,Primary energy,Solar,GCAM,Fragmented World,EJ/yr,,,,,0.0014,0.0171,0.0342,0.0569,0.0891,0.1267,0.1402
Nepal,NP,NPL,Transition Pathways,Primary energy,Solar,GCAM,Low Demand,EJ/yr,,,,,0.0014,0.0142,0.0245,0.0454,0.0838,0.1421,0.1854
Nepal,NP,NPL,Transition Pathways,Primary energy,Solar,GCAM,Nationally Determined Contributions (NDCs),EJ/yr,,,,,0.0013,0.0162,0.0333,0.0564,0.091,0.1281,0.144
Nepal,NP,NPL,Transition Pathways,Primary energy,Solar,GCAM,Net Zero 2050 (Orderly scenario),EJ/yr,,,,,0.0016,0.0181,0.0352,0.0669,0.119,0.1911,0.236
Nepal,NP,NPL,Transition Pathways,Primary energy,Solar,MESSAGEix-GLOBIOM,Below 2°C,EJ/yr,,,,,0.0,0.0,0.0,0.0001,0.0001,0.0004,0.1988
Nepal,NP,NPL,Transition Pathways,Primary energy,Solar,MESSAGEix-GLOBIOM,Current Policies (Hot house world scenario),EJ/yr,,,,,0.0,0.0,0.0,0.0001,0.0002,0.0006,0.3129
Nepal,NP,NPL,Transition Pathways,Primary energy,Solar,MESSAGEix-GLOBIOM,Delayed Transition (Disorderly scenario),EJ/yr,,,,,0.0,0.0,0.0,0.0001,0.0001,0.0004,0.1981
Nepal,NP,NPL,Transition Pathways,Primary energy,Solar,MESSAGEix-GLOBIOM,Fragmented World,EJ/yr,,,,,0.0,0.0,0.0,0.0001,0.0002,0.0004,0.1925
Nepal,NP,NPL,Transition Pathways,Primary energy,Solar,MESSAGEix-GLOBIOM,Low Demand,EJ/yr,,,,,0.0,0.0,0.0,0.0001,0.0002,0.0005,0.2151
Nepal,NP,NPL,Transition Pathways,Primary energy,Solar,MESSAGEix-GLOBIOM,Nationally Determined Contributions (NDCs),EJ/yr,,,,,0.0,0.0,0.0,0.0001,0.0002,0.0005,0.2228
Nepal,NP,NPL,Transition Pathways,Primary energy,Solar,MESSAGEix-GLOBIOM,Net Zero 2050 (Orderly scenario),EJ/yr,,,,,0.0,0.0,0.0,0.0001,0.0001,0.0004,0.2022
Nepal,NP,NPL,Transition Pathways,Primary energy,Solar,REMIND-MAgPIE,Below 2°C,EJ/yr,,,,,0.0,0.0001,0.0007,0.002,0.0058,0.0189,0.2822
Nepal,NP,NPL,Transition Pathways,Primary energy,Solar,REMIND-MAgPIE,Current Policies (Hot house world scenario),EJ/yr,,,,,0.0,0.0001,0.0006,0.0015,0.0043,0.0137,0.2112
Nepal,NP,NPL,Transition Pathways,Primary energy,Solar,REMIND-MAgPIE,Delayed Transition (Disorderly scenario),EJ/yr,,,,,0.0,0.0001,0.0006,0.0013,0.0041,0.0148,0.2627
Nepal,NP,NPL,Transition Pathways,Primary energy,Solar,REMIND-MAgPIE,Fragmented World,EJ/yr,,,,,0.0,0.0001,0.0006,0.0013,0.0033,0.0103,0.1548
Nepal,NP,NPL,Transition Pathways,Primary energy,Solar,REMIND-MAgPIE,Low Demand,EJ/yr,,,,,0.0,0.0003,0.0007,0.002,0.0049,0.015,0.2533
Nepal,NP,NPL,Transition Pathways,Primary energy,Solar,REMIND-MAgPIE,Nationally Determined Contributions (NDCs),EJ/yr,,,,,0.0,0.0001,0.0007,0.0017,0.005,0.015,0.2162
Nepal,NP,NPL,Transition Pathways,Primary energy,Solar,REMIND-MAgPIE,Net Zero 2050 (Orderly scenario),EJ/yr,,,,,0.0,0.0001,0.0007,0.002,0.0058,0.0219,0.3708
Nepal,NP,NPL,Transition Pathways,Final energy,Solids,GCAM,Below 2°C,EJ/yr,,,,,0.402,0.3763,0.3342,0.2804,0.2218,0.1562,0.1133
Nepal,NP,NPL,Transition Pathways,Final energy,Solids,GCAM,Current Policies (Hot house world scenario),EJ/yr,,,,,0.4033,0.3927,0.3605,0.3239,0.3042,0.2795,0.2837
Nepal,NP,NPL,Transition Pathways,Final energy,Solids,GCAM,Delayed Transition (Disorderly scenario),EJ/yr,,,,,0.4082,0.4001,0.3694,0.3115,0.2541,0.1835,0.1344
Nepal,NP,NPL,Transition Pathways,Final energy,Solids,GCAM,Fragmented World,EJ/yr,,,,,0.4154,0.4027,0.3719,0.3358,0.3088,0.2798,0.2743
Nepal,NP,NPL,Transition Pathways,Final energy,Solids,GCAM,Low Demand,EJ/yr,,,,,0.3895,0.3642,0.325,0.2677,0.196,0.1102,0.0695
Nepal,NP,NPL,Transition Pathways,Final energy,Solids,GCAM,Nationally Determined Contributions (NDCs),EJ/yr,,,,,0.4081,0.3979,0.3618,0.3255,0.2945,0.2632,0.2505
Nepal,NP,NPL,Transition Pathways,Final energy,Solids,GCAM,Net Zero 2050 (Orderly scenario),EJ/yr,,,,,0.3832,0.348,0.2936,0.223,0.1438,0.0668,0.038
Nepal,NP,NPL,Transition Pathways,Final energy,Solids,MESSAGEix-GLOBIOM,Below 2°C,EJ/yr,,,,,0.393,0.4159,0.4441,0.4572,0.4611,0.4419,0.4651
Nepal,NP,NPL,Transition Pathways,Final energy,Solids,MESSAGEix-GLOBIOM,Current Policies (Hot house world scenario),EJ/yr,,,,,0.3895,0.4113,0.4383,0.4542,0.4683,0.4508,0.4801
Nepal,NP,NPL,Transition Pathways,Final energy,Solids,MESSAGEix-GLOBIOM,Delayed Transition (Disorderly scenario),EJ/yr,,,,,0.3915,0.4138,0.441,0.4659,0.4703,0.4487,0.4728
Nepal,NP,NPL,Transition Pathways,Final energy,Solids,MESSAGEix-GLOBIOM,Fragmented World,EJ/yr,,,,,0.3933,0.4146,0.4407,0.4549,0.4539,0.432,0.4553
Nepal,NP,NPL,Transition Pathways,Final energy,Solids,MESSAGEix-GLOBIOM,Low Demand,EJ/yr,,,,,0.395,0.4233,0.3386,0.3301,0.2829,0.2564,0.2508
Nepal,NP,NPL,Transition Pathways,Final energy,Solids,MESSAGEix-GLOBIOM,Nationally Determined Contributions (NDCs),EJ/yr,,,,,0.393,0.4145,0.4449,0.4628,0.4791,0.4661,0.4891
Nepal,NP,NPL,Transition Pathways,Final energy,Solids,MESSAGEix-GLOBIOM,Net Zero 2050 (Orderly scenario),EJ/yr,,,,,0.3883,0.4117,0.4347,0.4517,0.4621,0.4549,0.4877
Nepal,NP,NPL,Transition Pathways,Final energy,Solids,REMIND-MAgPIE,Below 2°C,EJ/yr,,,,,0.3009,0.2832,0.2649,0.2171,0.1713,0.1483,0.1614
Nepal,NP,NPL,Transition Pathways,Final energy,Solids,REMIND-MAgPIE,Current Policies (Hot house world scenario),EJ/yr,,,,,0.301,0.2848,0.2848,0.3037,0.3309,0.3611,0.4172
Nepal,NP,NPL,Transition Pathways,Final energy,Solids,REMIND-MAgPIE,Delayed Transition (Disorderly scenario),EJ/yr,,,,,0.3031,0.2881,0.2892,0.3282,0.2229,0.136,0.1572
Nepal,NP,NPL,Transition Pathways,Final energy,Solids,REMIND-MAgPIE,Fragmented World,EJ/yr,,,,,0.2926,0.2725,0.2731,0.2959,0.3381,0.3777,0.4439
Nepal,NP,NPL,Transition Pathways,Final energy,Solids,REMIND-MAgPIE,Low Demand,EJ/yr,,,,,0.3166,0.3037,0.2282,0.1547,0.1398,0.106,0.0934
Nepal,NP,NPL,Transition Pathways,Final energy,Solids,REMIND-MAgPIE,Nationally Determined Contributions (NDCs),EJ/yr,,,,,0.2998,0.2809,0.2633,0.2418,0.2272,0.2434,0.2924
Nepal,NP,NPL,Transition Pathways,Final energy,Solids,REMIND-MAgPIE,Net Zero 2050 (Orderly scenario),EJ/yr,,,,,0.2936,0.2731,0.1893,0.1498,0.1261,0.1043,0.0874
Nepal,NP,NPL,Transition Pathways,Emissions and CCS,Total non-CO2 emissions,GCAM,Below 2°C,Mt CO2-equiv/yr,,,,,35.9234,35.4914,34.9975,33.9349,33.8398,33.3278,33.2835
Nepal,NP,NPL,Transition Pathways,Emissions and CCS,Total non-CO2 emissions,GCAM,Current Policies (Hot house world scenario),Mt CO2-equiv/yr,,,,,35.9234,38.5984,41.2145,44.7498,47.697,49.3043,50.7918
Nepal,NP,NPL,Transition Pathways,Emissions and CCS,Total non-CO2 emissions,GCAM,Delayed Transition (Disorderly scenario),Mt CO2-equiv/yr,,,,,35.9223,38.5974,41.2137,38.9318,37.4887,36.8994,38.3065
Nepal,NP,NPL,Transition Pathways,Emissions and CCS,Total non-CO2 emissions,GCAM,Fragmented World,Mt CO2-equiv/yr,,,,,35.9234,38.5984,41.2145,46.455,50.4193,52.4937,54.3603
Nepal,NP,NPL,Transition Pathways,Emissions and CCS,Total non-CO2 emissions,GCAM,Low Demand,Mt CO2-equiv/yr,,,,,35.9234,36.6623,32.9533,30.6908,30.5419,30.1862,31.3524
Nepal,NP,NPL,Transition Pathways,Emissions and CCS,Total non-CO2 emissions,GCAM,Nationally Determined Contributions (NDCs),Mt CO2-equiv/yr,,,,,35.9234,38.4109,40.9599,43.7269,45.0774,45.6379,46.9282
Nepal,NP,NPL,Transition Pathways,Emissions and CCS,Total non-CO2 emissions,GCAM,Net Zero 2050 (Orderly scenario),Mt CO2-equiv/yr,,,,,35.9234,34.944,30.6555,30.1593,29.9422,30.1716,31.5823
Nepal,NP,NPL,Transition Pathways,Emissions and CCS,Total non-CO2 emissions,MESSAGEix-GLOBIOM,Below 2°C,Mt CO2-equiv/yr,,,,,33.8128,34.6368,31.9338,30.4971,29.0757,28.0337,27.1536
Nepal,NP,NPL,Transition Pathways,Emissions and CCS,Total non-CO2 emissions,MESSAGEix-GLOBIOM,Current Policies (Hot house world scenario),Mt CO2-equiv/yr,,,,,33.8128,34.5202,36.4655,37.5905,38.3216,38.2494,38.0017
Nepal,NP,NPL,Transition Pathways,Emissions and CCS,Total non-CO2 emissions,MESSAGEix-GLOBIOM,Delayed Transition (Disorderly scenario),Mt CO2-equiv/yr,,,,,33.8128,34.5202,36.4655,32.2855,30.1127,28.7544,27.2668
Nepal,NP,NPL,Transition Pathways,Emissions and CCS,Total non-CO2 emissions,MESSAGEix-GLOBIOM,Fragmented World,Mt CO2-equiv/yr,,,,,33.8128,34.5202,36.4655,34.2851,32.2081,29.992,28.6261
Nepal,NP,NPL,Transition Pathways,Emissions and CCS,Total non-CO2 emissions,MESSAGEix-GLOBIOM,Low Demand,Mt CO2-equiv/yr,,,,,33.8128,34.6368,27.7676,25.9208,23.7412,22.7515,21.7209
Nepal,NP,NPL,Transition Pathways,Emissions and CCS,Total non-CO2 emissions,MESSAGEix-GLOBIOM,Nationally Determined Contributions (NDCs),Mt CO2-equiv/yr,,,,,33.8128,34.6368,36.6143,37.2826,37.7802,36.296,35.1161
Nepal,NP,NPL,Transition Pathways,Emissions and CCS,Total non-CO2 emissions,MESSAGEix-GLOBIOM,Net Zero 2050 (Orderly scenario),Mt CO2-equiv/yr,,,,,33.8128,34.6368,30.0256,27.7048,25.6059,23.9864,22.7082
Nepal,NP,NPL,Transition Pathways,Emissions and CCS,Total non-CO2 emissions,REMIND-MAgPIE,Below 2°C,Mt CO2-equiv/yr,,,,,36.3015,37.9905,42.8673,41.642,41.0475,40.0125,36.7756
Nepal,NP,NPL,Transition Pathways,Emissions and CCS,Total non-CO2 emissions,REMIND-MAgPIE,Current Policies (Hot house world scenario),Mt CO2-equiv/yr,,,,,36.3015,39.2668,45.2344,51.3043,53.8773,54.6691,55.6718
Nepal,NP,NPL,Transition Pathways,Emissions and CCS,Total non-CO2 emissions,REMIND-MAgPIE,Delayed Transition (Disorderly scenario),Mt CO2-equiv/yr,,,,,36.3015,39.2668,45.2344,43.2396,43.2697,40.9608,39.1578
Nepal,NP,NPL,Transition Pathways,Emissions and CCS,Total non-CO2 emissions,REMIND-MAgPIE,Fragmented World,Mt CO2-equiv/yr,,,,,36.3015,39.2668,45.2344,49.5476,54.1521,55.8008,56.5255
Nepal,NP,NPL,Transition Pathways,Emissions and CCS,Total non-CO2 emissions,REMIND-MAgPIE,Low Demand,Mt CO2-equiv/yr,,,,,36.3015,35.0027,35.4265,26.7646,21.8976,19.2757,16.0811
Nepal,NP,NPL,Transition Pathways,Emissions and CCS,Total non-CO2 emissions,REMIND-MAgPIE,Nationally Determined Contributions (NDCs),Mt CO2-equiv/yr,,,,,36.3015,38.368,43.2242,46.8257,50.8196,51.7025,52.2644
Nepal,NP,NPL,Transition Pathways,Emissions and CCS,Total non-CO2 emissions,REMIND-MAgPIE,Net Zero 2050 (Orderly scenario),Mt CO2-equiv/yr,,,,,36.3015,37.2781,39.3902,34.3243,33.4596,32.4588,32.3807
Nepal,NP,NPL,Transition Pathways,Primary energy,Wind,GCAM,Below 2°C,EJ/yr,,,,,0.0032,0.0372,0.0649,0.1018,0.1581,0.2149,0.2518
Nepal,NP,NPL,Transition Pathways,Primary energy,Wind,GCAM,Current Policies (Hot house world scenario),EJ/yr,,,,,0.0029,0.0315,0.0539,0.0801,0.1235,0.1742,0.1794
Nepal,NP,NPL,Transition Pathways,Primary energy,Wind,GCAM,Delayed Transition (Disorderly scenario),EJ/yr,,,,,0.003,0.0322,0.0549,0.0925,0.145,0.2039,0.2399
Nepal,NP,NPL,Transition Pathways,Primary energy,Wind,GCAM,Fragmented World,EJ/yr,,,,,0.0032,0.0368,0.064,0.0947,0.1364,0.1814,0.188
Nepal,NP,NPL,Transition Pathways,Primary energy,Wind,GCAM,Low Demand,EJ/yr,,,,,0.003,0.0282,0.0447,0.0754,0.1289,0.2067,0.253
Nepal,NP,NPL,Transition Pathways,Primary energy,Wind,GCAM,Nationally Determined Contributions (NDCs),EJ/yr,,,,,0.003,0.0357,0.0635,0.0953,0.1398,0.18,0.1871
Nepal,NP,NPL,Transition Pathways,Primary energy,Wind,GCAM,Net Zero 2050 (Orderly scenario),EJ/yr,,,,,0.0031,0.0346,0.063,0.1106,0.1832,0.2787,0.3215
Nepal,NP,NPL,Transition Pathways,Primary energy,Wind,MESSAGEix-GLOBIOM,Below 2°C,EJ/yr,,,,,0.0,0.0001,0.0002,0.0003,0.0007,0.0021,0.1347
Nepal,NP,NPL,Transition Pathways,Primary energy,Wind,MESSAGEix-GLOBIOM,Current Policies (Hot house world scenario),EJ/yr,,,,,0.0,0.0001,0.0002,0.0004,0.0007,0.0023,0.1372
Nepal,NP,NPL,Transition Pathways,Primary energy,Wind,MESSAGEix-GLOBIOM,Delayed Transition (Disorderly scenario),EJ/yr,,,,,0.0,0.0001,0.0002,0.0003,0.0008,0.0027,0.1755
Nepal,NP,NPL,Transition Pathways,Primary energy,Wind,MESSAGEix-GLOBIOM,Fragmented World,EJ/yr,,,,,0.0,0.0001,0.0002,0.0004,0.0007,0.002,0.1133
Nepal,NP,NPL,Transition Pathways,Primary energy,Wind,MESSAGEix-GLOBIOM,Low Demand,EJ/yr,,,,,0.0,0.0001,0.0003,0.0006,0.0012,0.0034,0.1856
Nepal,NP,NPL,Transition Pathways,Primary energy,Wind,MESSAGEix-GLOBIOM,Nationally Determined Contributions (NDCs),EJ/yr,,,,,0.0,0.0001,0.0002,0.0003,0.0007,0.0019,0.1097
Nepal,NP,NPL,Transition Pathways,Primary energy,Wind,MESSAGEix-GLOBIOM,Net Zero 2050 (Orderly scenario),EJ/yr,,,,,0.0,0.0001,0.0002,0.0004,0.0012,0.0037,0.2105
Nepal,NP,NPL,Transition Pathways,Primary energy,Wind,REMIND-MAgPIE,Below 2°C,EJ/yr,,,,,0.0003,0.0013,0.0034,0.0094,0.0235,0.0603,0.11
Nepal,NP,NPL,Transition Pathways,Primary energy,Wind,REMIND-MAgPIE,Current Policies (Hot house world scenario),EJ/yr,,,,,0.0003,0.0011,0.0029,0.0072,0.017,0.0407,0.0726
Nepal,NP,NPL,Transition Pathways,Primary energy,Wind,REMIND-MAgPIE,Delayed Transition (Disorderly scenario),EJ/yr,,,,,0.0003,0.0011,0.0029,0.0062,0.0164,0.0455,0.0928
Nepal,NP,NPL,Transition Pathways,Primary energy,Wind,REMIND-MAgPIE,Fragmented World,EJ/yr,,,,,0.0003,0.0011,0.0027,0.0062,0.0132,0.0305,0.0531
Nepal,NP,NPL,Transition Pathways,Primary energy,Wind,REMIND-MAgPIE,Low Demand,EJ/yr,,,,,0.0005,0.0015,0.0035,0.0093,0.0214,0.0525,0.1103
Nepal,NP,NPL,Transition Pathways,Primary energy,Wind,REMIND-MAgPIE,Nationally Determined Contributions (NDCs),EJ/yr,,,,,0.0003,0.0011,0.0031,0.0081,0.0195,0.0465,0.0821
Nepal,NP,NPL,Transition Pathways,Primary energy,Wind,REMIND-MAgPIE,Net Zero 2050 (Orderly scenario),EJ/yr,,,,,0.0003,0.0013,0.0037,0.0105,0.0279,0.0773,0.154
